fold,test_subject,train_subjects,train_size,test_size,train_class_0_pre,train_class_1_pre,train_class_0_post,train_class_1_post,smote_k_neighbors,subject_auc
0,S10,14,816,61,528,288,528,528,5,1.0
1,S11,14,818,59,528,290,528,528,5,1.0
2,S13,14,818,59,528,290,528,528,5,1.0
3,S14,14,818,59,528,290,528,528,5,1.0
4,S15,14,818,59,528,290,528,528,5,1.0
5,S16,14,818,59,528,290,528,528,5,1.0
6,S17,14,816,61,528,288,528,528,5,1.0
7,S2,14,821,56,529,292,529,529,5,1.0
8,S3,14,820,57,529,291,529,529,5,1.0
9,S4,14,820,57,529,291,529,529,5,1.0
10,S5,14,819,58,528,291,528,528,5,1.0
11,S6,14,819,58,528,291,528,528,5,1.0
12,S7,14,819,58,528,291,528,528,5,1.0
13,S8,14,819,58,529,290,529,529,5,1.0
14,S9,14,819,58,528,291,528,528,5,1.0
