subject_id,window_id,fold,true_label,probability,predicted_label
S10,289,0,0,0.15978537,0
S10,290,0,0,0.13677327,0
S10,291,0,0,0.11696607,0
S10,292,0,0,0.08087207,0
S10,293,0,0,0.10882248,0
S10,294,0,0,0.12369954,0
S10,295,0,0,0.1254153,0
S10,296,0,0,0.10737051,0
S10,297,0,0,0.22495162,0
S10,298,0,0,0.488415,0
S10,299,0,0,0.50130343,1
S10,300,0,0,0.13429762,0
S10,301,0,0,0.44795233,0
S10,302,0,0,0.6384721,1
S10,303,0,0,0.20560284,0
S10,304,0,0,0.23879726,0
S10,305,0,0,0.6440016,1
S10,306,0,0,0.27057612,0
S10,307,0,0,0.28554484,0
S10,308,0,0,0.18194672,0
S10,309,0,0,0.21344687,0
S10,310,0,0,0.3121,0
S10,311,0,0,0.6264013,1
S10,312,0,0,0.45900708,0
S10,313,0,0,0.08791832,0
S10,314,0,0,0.45686838,0
S10,315,0,0,0.45704234,0
S10,316,0,0,0.40321076,0
S10,317,0,0,0.07228256,0
S10,318,0,0,0.06759664,0
S10,319,0,0,0.07357503,0
S10,320,0,0,0.09100495,0
S10,321,0,0,0.25533664,0
S10,322,0,0,0.28252855,0
S10,323,0,0,0.23574191,0
S10,324,0,0,0.09053578,0
S10,325,0,0,0.11423097,0
S10,326,0,0,0.18528502,0
S10,327,0,1,0.9222015,1
S10,328,0,1,0.91437054,1
S10,329,0,1,0.8852377,1
S10,330,0,1,0.71301657,1
S10,331,0,1,0.8984929,1
S10,332,0,1,0.9171428,1
S10,333,0,1,0.72555494,1
S10,334,0,1,0.94405323,1
S10,335,0,1,0.9424377,1
S10,336,0,1,0.87453353,1
S10,337,0,1,0.10671503,0
S10,338,0,1,0.20884867,0
S10,339,0,1,0.9082705,1
S10,340,0,1,0.86103725,1
S10,341,0,1,0.8228131,1
S10,342,0,1,0.45223415,0
S10,343,0,1,0.8628805,1
S10,344,0,1,0.1942549,0
S10,345,0,1,0.24288723,0
S10,346,0,1,0.25045958,0
S10,347,0,1,0.18213516,0
S10,348,0,1,0.07527288,0
S10,349,0,1,0.4617818,0
S11,350,1,0,0.32970443,0
S11,351,1,0,0.7052252,1
S11,352,1,0,0.8108372,1
S11,353,1,0,0.53059775,1
S11,354,1,0,0.10156669,0
S11,355,1,0,0.096775904,0
S11,356,1,0,0.20427686,0
S11,357,1,0,0.7059727,1
S11,358,1,0,0.3532658,0
S11,359,1,0,0.14766459,0
S11,360,1,0,0.09629149,0
S11,361,1,0,0.18012457,0
S11,362,1,0,0.2485977,0
S11,363,1,0,0.2485977,0
S11,364,1,0,0.35383913,0
S11,365,1,0,0.6748781,1
S11,366,1,0,0.07008747,0
S11,367,1,0,0.05072512,0
S11,368,1,0,0.0610344,0
S11,369,1,0,0.10156669,0
S11,370,1,0,0.4787733,0
S11,371,1,0,0.5150638,1
S11,372,1,0,0.2046722,0
S11,373,1,0,0.082438916,0
S11,374,1,0,0.24524099,0
S11,375,1,0,0.26540917,0
S11,376,1,0,0.53234565,1
S11,377,1,0,0.55472815,1
S11,378,1,0,0.39206836,0
S11,379,1,0,0.64851236,1
S11,380,1,0,0.5666729,1
S11,381,1,0,0.5120515,1
S11,382,1,0,0.05892316,0
S11,383,1,0,0.34946492,0
S11,384,1,0,0.45212725,0
S11,385,1,0,0.090918235,0
S11,386,1,0,0.07595071,0
S11,387,1,0,0.16037802,0
S11,388,1,1,0.89274436,1
S11,389,1,1,0.8869346,1
S11,390,1,1,0.9032445,1
S11,391,1,1,0.88668007,1
S11,392,1,1,0.8681069,1
S11,393,1,1,0.84690326,1
S11,394,1,1,0.89166343,1
S11,395,1,1,0.8681069,1
S11,396,1,1,0.8681069,1
S11,397,1,1,0.7961047,1
S11,398,1,1,0.8831384,1
S11,399,1,1,0.3556363,0
S11,400,1,1,0.36778036,0
S11,401,1,1,0.24624625,0
S11,402,1,1,0.5921443,1
S11,403,1,1,0.8063448,1
S11,404,1,1,0.8506354,1
S11,405,1,1,0.86117053,1
S11,406,1,1,0.71086496,1
S11,407,1,1,0.8460593,1
S11,408,1,1,0.83363557,1
S13,700,2,0,0.44171083,0
S13,701,2,0,0.4675636,0
S13,702,2,0,0.7296963,1
S13,703,2,0,0.43466443,0
S13,704,2,0,0.3251289,0
S13,705,2,0,0.4671356,0
S13,706,2,0,0.44440132,0
S13,707,2,0,0.7401953,1
S13,708,2,0,0.3786793,0
S13,709,2,0,0.37131765,0
S13,710,2,0,0.19061677,0
S13,711,2,0,0.19061677,0
S13,712,2,0,0.19989824,0
S13,713,2,0,0.22452237,0
S13,714,2,0,0.21440396,0
S13,715,2,0,0.22064981,0
S13,716,2,0,0.32861575,0
S13,717,2,0,0.13868873,0
S13,718,2,0,0.7141204,1
S13,719,2,0,0.2336258,0
S13,720,2,0,0.19822419,0
S13,721,2,0,0.73893005,1
S13,722,2,0,0.3847666,0
S13,723,2,0,0.5053443,1
S13,724,2,0,0.3871948,0
S13,725,2,0,0.1406748,0
S13,726,2,0,0.08513101,0
S13,727,2,0,0.09449649,0
S13,728,2,0,0.14637418,0
S13,729,2,0,0.20093693,0
S13,730,2,0,0.17830473,0
S13,731,2,0,0.12152077,0
S13,732,2,0,0.20020771,0
S13,733,2,0,0.73772526,1
S13,734,2,0,0.49732527,0
S13,735,2,0,0.20597745,0
S13,736,2,0,0.16341104,0
S13,737,2,0,0.20093693,0
S13,738,2,1,0.89273065,1
S13,739,2,1,0.84292066,1
S13,740,2,1,0.84292066,1
S13,741,2,1,0.8991721,1
S13,742,2,1,0.84292066,1
S13,743,2,1,0.7520427,1
S13,744,2,1,0.84292066,1
S13,745,2,1,0.7988692,1
S13,746,2,1,0.8518567,1
S13,747,2,1,0.76470566,1
S13,748,2,1,0.7090681,1
S13,749,2,1,0.76540893,1
S13,750,2,1,0.6118075,1
S13,751,2,1,0.88223493,1
S13,752,2,1,0.8754186,1
S13,753,2,1,0.83808935,1
S13,754,2,1,0.7841375,1
S13,755,2,1,0.8328675,1
S13,756,2,1,0.90001076,1
S13,757,2,1,0.8898054,1
S13,758,2,1,0.8490723,1
S14,759,3,0,0.09682413,0
S14,760,3,0,0.0647856,0
S14,761,3,0,0.054778874,0
S14,762,3,0,0.05668602,0
S14,763,3,0,0.050894063,0
S14,764,3,0,0.05071418,0
S14,765,3,0,0.078530736,0
S14,766,3,0,0.06416471,0
S14,767,3,0,0.063705705,0
S14,768,3,0,0.063705705,0
S14,769,3,0,0.0647856,0
S14,770,3,0,0.0647856,0
S14,771,3,0,0.12320356,0
S14,772,3,0,0.14624245,0
S14,773,3,0,0.07954214,0
S14,774,3,0,0.085539356,0
S14,775,3,0,0.07954214,0
S14,776,3,0,0.07954214,0
S14,777,3,0,0.0921244,0
S14,778,3,0,0.09096881,0
S14,779,3,0,0.07589586,0
S14,780,3,0,0.069536485,0
S14,781,3,0,0.053294614,0
S14,782,3,0,0.069251135,0
S14,783,3,0,0.061896954,0
S14,784,3,0,0.054972343,0
S14,785,3,0,0.05044999,0
S14,786,3,0,0.05044999,0
S14,787,3,0,0.050894063,0
S14,788,3,0,0.08993643,0
S14,789,3,0,0.3038565,0
S14,790,3,0,0.091275945,0
S14,791,3,0,0.09283985,0
S14,792,3,0,0.09283985,0
S14,793,3,0,0.080655396,0
S14,794,3,0,0.05062899,0
S14,795,3,0,0.078530736,0
S14,796,3,0,0.079840496,0
S14,797,3,1,0.661825,1
S14,798,3,1,0.6243677,1
S14,799,3,1,0.6496361,1
S14,800,3,1,0.65061337,1
S14,801,3,1,0.6173705,1
S14,802,3,1,0.65061337,1
S14,803,3,1,0.3614357,0
S14,804,3,1,0.5034763,1
S14,805,3,1,0.66562885,1
S14,806,3,1,0.39770237,0
S14,807,3,1,0.58751225,1
S14,808,3,1,0.66648805,1
S14,809,3,1,0.13543397,0
S14,810,3,1,0.105711706,0
S14,811,3,1,0.13835989,0
S14,812,3,1,0.11210513,0
S14,813,3,1,0.054778874,0
S14,814,3,1,0.0852552,0
S14,815,3,1,0.15272076,0
S14,816,3,1,0.05071418,0
S14,817,3,1,0.07250206,0
S15,818,4,0,0.19702141,0
S15,819,4,0,0.06490792,0
S15,820,4,0,0.05735486,0
S15,821,4,0,0.05198356,0
S15,822,4,0,0.05198356,0
S15,823,4,0,0.06743996,0
S15,824,4,0,0.06743996,0
S15,825,4,0,0.06220446,0
S15,826,4,0,0.07050267,0
S15,827,4,0,0.06743996,0
S15,828,4,0,0.12683217,0
S15,829,4,0,0.09114816,0
S15,830,4,0,0.05973431,0
S15,831,4,0,0.095256306,0
S15,832,4,0,0.084720686,0
S15,833,4,0,0.06426144,0
S15,834,4,0,0.059075728,0
S15,835,4,0,0.0522966,0
S15,836,4,0,0.05198356,0
S15,837,4,0,0.053506907,0
S15,838,4,0,0.052197594,0
S15,839,4,0,0.052824933,0
S15,840,4,0,0.05391071,0
S15,841,4,0,0.056657854,0
S15,842,4,0,0.16206397,0
S15,843,4,0,0.10186103,0
S15,844,4,0,0.055449646,0
S15,845,4,0,0.08408271,0
S15,846,4,0,0.10759655,0
S15,847,4,0,0.20109414,0
S15,848,4,0,0.09345075,0
S15,849,4,0,0.097358696,0
S15,850,4,0,0.05973431,0
S15,851,4,0,0.058456715,0
S15,852,4,0,0.058456715,0
S15,853,4,0,0.0853709,0
S15,854,4,0,0.27169016,0
S15,855,4,0,0.12877898,0
S15,856,4,1,0.5099612,1
S15,857,4,1,0.81420434,1
S15,858,4,1,0.74274194,1
S15,859,4,1,0.8112363,1
S15,860,4,1,0.8583676,1
S15,861,4,1,0.73299354,1
S15,862,4,1,0.77008414,1
S15,863,4,1,0.8937355,1
S15,864,4,1,0.8867275,1
S15,865,4,1,0.4205632,0
S15,866,4,1,0.4197532,0
S15,867,4,1,0.1111552,0
S15,868,4,1,0.3082545,0
S15,869,4,1,0.45993993,0
S15,870,4,1,0.0917396,0
S15,871,4,1,0.13877822,0
S15,872,4,1,0.75779724,1
S15,873,4,1,0.67857194,1
S15,874,4,1,0.85245085,1
S15,875,4,1,0.8008238,1
S15,876,4,1,0.8008238,1
S16,409,5,0,0.22783248,0
S16,410,5,0,0.16773084,0
S16,411,5,0,0.08899718,0
S16,412,5,0,0.08407387,0
S16,413,5,0,0.0903242,0
S16,414,5,0,0.11557603,0
S16,415,5,0,0.12368206,0
S16,416,5,0,0.100826815,0
S16,417,5,0,0.107090175,0
S16,418,5,0,0.15899056,0
S16,419,5,0,0.12196426,0
S16,420,5,0,0.09727916,0
S16,421,5,0,0.16295007,0
S16,422,5,0,0.39051923,0
S16,423,5,0,0.61472565,1
S16,424,5,0,0.19860895,0
S16,425,5,0,0.13913567,0
S16,426,5,0,0.100971214,0
S16,427,5,0,0.08995563,0
S16,428,5,0,0.07701097,0
S16,429,5,0,0.07657501,0
S16,430,5,0,0.088059515,0
S16,431,5,0,0.1378287,0
S16,432,5,0,0.16293629,0
S16,433,5,0,0.16541238,0
S16,434,5,0,0.11533659,0
S16,435,5,0,0.1365976,0
S16,436,5,0,0.11416487,0
S16,437,5,0,0.15962948,0
S16,438,5,0,0.20150511,0
S16,439,5,0,0.16468479,0
S16,440,5,0,0.18396567,0
S16,441,5,0,0.080261655,0
S16,442,5,0,0.083016574,0
S16,443,5,0,0.35607964,0
S16,444,5,0,0.7411407,1
S16,445,5,0,0.18136196,0
S16,446,5,0,0.1555912,0
S16,447,5,1,0.7772259,1
S16,448,5,1,0.6146525,1
S16,449,5,1,0.15504651,0
S16,450,5,1,0.5817108,1
S16,451,5,1,0.7485949,1
S16,452,5,1,0.9009186,1
S16,453,5,1,0.8930911,1
S16,454,5,1,0.13820255,0
S16,455,5,1,0.23845173,0
S16,456,5,1,0.2144995,0
S16,457,5,1,0.16418369,0
S16,458,5,1,0.70936936,1
S16,459,5,1,0.9375884,1
S16,460,5,1,0.92928797,1
S16,461,5,1,0.92747504,1
S16,462,5,1,0.93311816,1
S16,463,5,1,0.93311816,1
S16,464,5,1,0.92060137,1
S16,465,5,1,0.9287078,1
S16,466,5,1,0.9226247,1
S16,467,5,1,0.5435058,1
S17,228,6,0,0.13893136,0
S17,229,6,0,0.09416837,0
S17,230,6,0,0.13893136,0
S17,231,6,0,0.13893136,0
S17,232,6,0,0.22648041,0
S17,233,6,0,0.09570589,0
S17,234,6,0,0.09216868,0
S17,235,6,0,0.09957254,0
S17,236,6,0,0.09570589,0
S17,237,6,0,0.20486799,0
S17,238,6,0,0.5113733,1
S17,239,6,0,0.49633867,0
S17,240,6,0,0.22988564,0
S17,241,6,0,0.25270668,0
S17,242,6,0,0.45960936,0
S17,243,6,0,0.2712542,0
S17,244,6,0,0.7046407,1
S17,245,6,0,0.7830638,1
S17,246,6,0,0.35141373,0
S17,247,6,0,0.7080129,1
S17,248,6,0,0.74249256,1
S17,249,6,0,0.15860656,0
S17,250,6,0,0.1507674,0
S17,251,6,0,0.3909406,0
S17,252,6,0,0.33025992,0
S17,253,6,0,0.13145101,0
S17,254,6,0,0.26894522,0
S17,255,6,0,0.3576665,0
S17,256,6,0,0.15860656,0
S17,257,6,0,0.18653898,0
S17,258,6,0,0.31643435,0
S17,259,6,0,0.64541805,1
S17,260,6,0,0.64541805,1
S17,261,6,0,0.2594316,0
S17,262,6,0,0.1507674,0
S17,263,6,0,0.5660965,1
S17,264,6,0,0.41548103,0
S17,265,6,0,0.50598323,1
S17,266,6,1,0.92957443,1
S17,267,6,1,0.92957443,1
S17,268,6,1,0.9372269,1
S17,269,6,1,0.9342633,1
S17,270,6,1,0.9214644,1
S17,271,6,1,0.8979639,1
S17,272,6,1,0.92055136,1
S17,273,6,1,0.9190149,1
S17,274,6,1,0.8917367,1
S17,275,6,1,0.93641126,1
S17,276,6,1,0.9145656,1
S17,277,6,1,0.801103,1
S17,278,6,1,0.7997463,1
S17,279,6,1,0.9254573,1
S17,280,6,1,0.9287923,1
S17,281,6,1,0.9287923,1
S17,282,6,1,0.83869,1
S17,283,6,1,0.86719096,1
S17,284,6,1,0.85901123,1
S17,285,6,1,0.79102045,1
S17,286,6,1,0.77776706,1
S17,287,6,1,0.8073407,1
S17,288,6,1,0.52553916,1
S2,58,7,0,0.76841384,1
S2,59,7,0,0.15938403,0
S2,60,7,0,0.14728239,0
S2,61,7,0,0.07997603,0
S2,62,7,0,0.5846282,1
S2,63,7,0,0.5605986,1
S2,64,7,0,0.29228753,0
S2,65,7,0,0.6196554,1
S2,66,7,0,0.16892205,0
S2,67,7,0,0.20024039,0
S2,68,7,0,0.21248929,0
S2,69,7,0,0.2003488,0
S2,70,7,0,0.21248929,0
S2,71,7,0,0.1529346,0
S2,72,7,0,0.18234424,0
S2,73,7,0,0.21683641,0
S2,74,7,0,0.16292019,0
S2,75,7,0,0.14115095,0
S2,76,7,0,0.246095,0
S2,77,7,0,0.22620791,0
S2,78,7,0,0.08176587,0
S2,79,7,0,0.07047001,0
S2,80,7,0,0.09366626,0
S2,81,7,0,0.078093335,0
S2,82,7,0,0.078093335,0
S2,83,7,0,0.08961228,0
S2,84,7,0,0.19301552,0
S2,85,7,0,0.072654486,0
S2,86,7,0,0.7571197,1
S2,87,7,0,0.7229507,1
S2,88,7,0,0.20912027,0
S2,89,7,0,0.3951972,0
S2,90,7,0,0.16966392,0
S2,91,7,0,0.19482651,0
S2,92,7,0,0.0839983,0
S2,93,7,0,0.47128505,0
S2,94,7,0,0.79063636,1
S2,95,7,1,0.7379225,1
S2,96,7,1,0.49583125,0
S2,97,7,1,0.8674071,1
S2,98,7,1,0.8674071,1
S2,99,7,1,0.8506339,1
S2,100,7,1,0.8556521,1
S2,101,7,1,0.8674913,1
S2,102,7,1,0.9072947,1
S2,103,7,1,0.81982726,1
S2,104,7,1,0.1608257,0
S2,105,7,1,0.8961649,1
S2,106,7,1,0.78418523,1
S2,107,7,1,0.89252937,1
S2,108,7,1,0.9207146,1
S2,109,7,1,0.8702238,1
S2,110,7,1,0.8734595,1
S2,111,7,1,0.91487,1
S2,112,7,1,0.9057616,1
S2,113,7,1,0.89606124,1
S3,114,8,0,0.24059825,0
S3,115,8,0,0.20906381,0
S3,116,8,0,0.6526044,1
S3,117,8,0,0.20906381,0
S3,118,8,0,0.15657052,0
S3,119,8,0,0.6832305,1
S3,120,8,0,0.13424721,0
S3,121,8,0,0.1196152,0
S3,122,8,0,0.32568762,0
S3,123,8,0,0.19146954,0
S3,124,8,0,0.22919159,0
S3,125,8,0,0.3549257,0
S3,126,8,0,0.80655545,1
S3,127,8,0,0.1298355,0
S3,128,8,0,0.121615596,0
S3,129,8,0,0.2517012,0
S3,130,8,0,0.33629405,0
S3,131,8,0,0.41736522,0
S3,132,8,0,0.48504654,0
S3,133,8,0,0.33303297,0
S3,134,8,0,0.25656506,0
S3,135,8,0,0.3998971,0
S3,136,8,0,0.39192,0
S3,137,8,0,0.17383349,0
S3,138,8,0,0.09606519,0
S3,139,8,0,0.19569024,0
S3,140,8,0,0.06886777,0
S3,141,8,0,0.062076572,0
S3,142,8,0,0.27157226,0
S3,143,8,0,0.62566525,1
S3,144,8,0,0.22735815,0
S3,145,8,0,0.11065169,0
S3,146,8,0,0.098212846,0
S3,147,8,0,0.14270784,0
S3,148,8,0,0.07518153,0
S3,149,8,0,0.077779286,0
S3,150,8,0,0.22364667,0
S3,151,8,1,0.83592606,1
S3,152,8,1,0.81839186,1
S3,153,8,1,0.82936233,1
S3,154,8,1,0.86084276,1
S3,155,8,1,0.86161447,1
S3,156,8,1,0.88688076,1
S3,157,8,1,0.9054531,1
S3,158,8,1,0.87158346,1
S3,159,8,1,0.8170497,1
S3,160,8,1,0.82900023,1
S3,161,8,1,0.7314364,1
S3,162,8,1,0.6957473,1
S3,163,8,1,0.5218465,1
S3,164,8,1,0.64359707,1
S3,165,8,1,0.8546953,1
S3,166,8,1,0.8546953,1
S3,167,8,1,0.87007284,1
S3,168,8,1,0.7664433,1
S3,169,8,1,0.7664433,1
S3,170,8,1,0.5526526,1
S4,171,9,0,0.1476006,0
S4,172,9,0,0.1443056,0
S4,173,9,0,0.08128341,0
S4,174,9,0,0.07842406,0
S4,175,9,0,0.07776528,0
S4,176,9,0,0.075019576,0
S4,177,9,0,0.075019576,0
S4,178,9,0,0.07630039,0
S4,179,9,0,0.09264732,0
S4,180,9,0,0.07631926,0
S4,181,9,0,0.097463734,0
S4,182,9,0,0.07776528,0
S4,183,9,0,0.120566994,0
S4,184,9,0,0.09039189,0
S4,185,9,0,0.08417739,0
S4,186,9,0,0.10584192,0
S4,187,9,0,0.07630039,0
S4,188,9,0,0.14216654,0
S4,189,9,0,0.07776528,0
S4,190,9,0,0.08128341,0
S4,191,9,0,0.07630039,0
S4,192,9,0,0.18867703,0
S4,193,9,0,0.14948034,0
S4,194,9,0,0.08548508,0
S4,195,9,0,0.22676027,0
S4,196,9,0,0.28369132,0
S4,197,9,0,0.18097067,0
S4,198,9,0,0.092325784,0
S4,199,9,0,0.16382249,0
S4,200,9,0,0.07491494,0
S4,201,9,0,0.24398448,0
S4,202,9,0,0.19403052,0
S4,203,9,0,0.07402642,0
S4,204,9,0,0.08831791,0
S4,205,9,0,0.21334824,0
S4,206,9,0,0.07630039,0
S4,207,9,0,0.07630039,0
S4,208,9,1,0.7356283,1
S4,209,9,1,0.70803905,1
S4,210,9,1,0.8978906,1
S4,211,9,1,0.9235402,1
S4,212,9,1,0.9409798,1
S4,213,9,1,0.9409798,1
S4,214,9,1,0.8882165,1
S4,215,9,1,0.8521091,1
S4,216,9,1,0.6145952,1
S4,217,9,1,0.2959584,0
S4,218,9,1,0.9235505,1
S4,219,9,1,0.917335,1
S4,220,9,1,0.9254861,1
S4,221,9,1,0.9254861,1
S4,222,9,1,0.9254861,1
S4,223,9,1,0.9198609,1
S4,224,9,1,0.9198609,1
S4,225,9,1,0.9254861,1
S4,226,9,1,0.9254861,1
S4,227,9,1,0.85843897,1
S5,0,10,0,0.11931766,0
S5,1,10,0,0.14072864,0
S5,2,10,0,0.13354948,0
S5,3,10,0,0.082642704,0
S5,4,10,0,0.13346468,0
S5,5,10,0,0.10449142,0
S5,6,10,0,0.07314558,0
S5,7,10,0,0.06813901,0
S5,8,10,0,0.06813901,0
S5,9,10,0,0.06813901,0
S5,10,10,0,0.07546505,0
S5,11,10,0,0.08163757,0
S5,12,10,0,0.082009524,0
S5,13,10,0,0.18150671,0
S5,14,10,0,0.083392374,0
S5,15,10,0,0.09938535,0
S5,16,10,0,0.51537985,1
S5,17,10,0,0.08805871,0
S5,18,10,0,0.07031177,0
S5,19,10,0,0.07314558,0
S5,20,10,0,0.08163757,0
S5,21,10,0,0.08837054,0
S5,22,10,0,0.081389464,0
S5,23,10,0,0.08163757,0
S5,24,10,0,0.06813901,0
S5,25,10,0,0.09324172,0
S5,26,10,0,0.10484618,0
S5,27,10,0,0.14666119,0
S5,28,10,0,0.42563435,0
S5,29,10,0,0.2550931,0
S5,30,10,0,0.58687615,1
S5,31,10,0,0.11815367,0
S5,32,10,0,0.41834122,0
S5,33,10,0,0.48771283,0
S5,34,10,0,0.57949567,1
S5,35,10,0,0.13928361,0
S5,36,10,0,0.083392374,0
S5,37,10,0,0.45826772,0
S5,38,10,1,0.35827646,0
S5,39,10,1,0.45278156,0
S5,40,10,1,0.4863631,0
S5,41,10,1,0.5363484,1
S5,42,10,1,0.5056985,1
S5,43,10,1,0.8364188,1
S5,44,10,1,0.7728583,1
S5,45,10,1,0.44483104,0
S5,46,10,1,0.3735747,0
S5,47,10,1,0.89778227,1
S5,48,10,1,0.926703,1
S5,49,10,1,0.92210734,1
S5,50,10,1,0.8875133,1
S5,51,10,1,0.81709886,1
S5,52,10,1,0.8683148,1
S5,53,10,1,0.7000494,1
S5,54,10,1,0.5549857,1
S5,55,10,1,0.66958785,1
S5,56,10,1,0.81799537,1
S5,57,10,1,0.81833214,1
S6,526,11,0,0.08170929,0
S6,527,11,0,0.08251771,0
S6,528,11,0,0.07426229,0
S6,529,11,0,0.079904325,0
S6,530,11,0,0.0651156,0
S6,531,11,0,0.0651156,0
S6,532,11,0,0.0651156,0
S6,533,11,0,0.06817123,0
S6,534,11,0,0.066350974,0
S6,535,11,0,0.0651156,0
S6,536,11,0,0.0651156,0
S6,537,11,0,0.0651156,0
S6,538,11,0,0.09691309,0
S6,539,11,0,0.0651156,0
S6,540,11,0,0.0651156,0
S6,541,11,0,0.13044772,0
S6,542,11,0,0.09054514,0
S6,543,11,0,0.0651156,0
S6,544,11,0,0.0651156,0
S6,545,11,0,0.07123773,0
S6,546,11,0,0.11315747,0
S6,547,11,0,0.07195615,0
S6,548,11,0,0.40496862,0
S6,549,11,0,0.25389442,0
S6,550,11,0,0.08323238,0
S6,551,11,0,0.07958092,0
S6,552,11,0,0.099163614,0
S6,553,11,0,0.099163614,0
S6,554,11,0,0.11568728,0
S6,555,11,0,0.11137353,0
S6,556,11,0,0.066350974,0
S6,557,11,0,0.0651156,0
S6,558,11,0,0.067218386,0
S6,559,11,0,0.14022943,0
S6,560,11,0,0.08291447,0
S6,561,11,0,0.122873925,0
S6,562,11,0,0.08037012,0
S6,563,11,0,0.08037012,0
S6,564,11,1,0.08292183,0
S6,565,11,1,0.08106783,0
S6,566,11,1,0.638753,1
S6,567,11,1,0.60649383,1
S6,568,11,1,0.86532503,1
S6,569,11,1,0.91375977,1
S6,570,11,1,0.9213159,1
S6,571,11,1,0.9213159,1
S6,572,11,1,0.8786026,1
S6,573,11,1,0.7677097,1
S6,574,11,1,0.82372236,1
S6,575,11,1,0.8824301,1
S6,576,11,1,0.8824301,1
S6,577,11,1,0.8945653,1
S6,578,11,1,0.11568728,0
S6,579,11,1,0.07231262,0
S6,580,11,1,0.11636235,0
S6,581,11,1,0.86862123,1
S6,582,11,1,0.91740566,1
S6,583,11,1,0.8873805,1
S7,584,12,0,0.84946054,1
S7,585,12,0,0.82542944,1
S7,586,12,0,0.57304466,1
S7,587,12,0,0.5288621,1
S7,588,12,0,0.2443906,0
S7,589,12,0,0.21316478,0
S7,590,12,0,0.14785899,0
S7,591,12,0,0.58100945,1
S7,592,12,0,0.911661,1
S7,593,12,0,0.8929943,1
S7,594,12,0,0.35274917,0
S7,595,12,0,0.3287522,0
S7,596,12,0,0.93728983,1
S7,597,12,0,0.93728983,1
S7,598,12,0,0.75833493,1
S7,599,12,0,0.92423415,1
S7,600,12,0,0.93845624,1
S7,601,12,0,0.87871647,1
S7,602,12,0,0.9186108,1
S7,603,12,0,0.9454349,1
S7,604,12,0,0.9381061,1
S7,605,12,0,0.85287976,1
S7,606,12,0,0.5040954,1
S7,607,12,0,0.5794301,1
S7,608,12,0,0.64768726,1
S7,609,12,0,0.6887352,1
S7,610,12,0,0.87114537,1
S7,611,12,0,0.88764197,1
S7,612,12,0,0.87754214,1
S7,613,12,0,0.9339555,1
S7,614,12,0,0.85289097,1
S7,615,12,0,0.9285606,1
S7,616,12,0,0.9368254,1
S7,617,12,0,0.9454349,1
S7,618,12,0,0.9343275,1
S7,619,12,0,0.4621747,0
S7,620,12,0,0.89375365,1
S7,621,12,0,0.9216089,1
S7,622,12,1,0.9454349,1
S7,623,12,1,0.9454349,1
S7,624,12,1,0.9454349,1
S7,625,12,1,0.9454349,1
S7,626,12,1,0.94229907,1
S7,627,12,1,0.9454349,1
S7,628,12,1,0.9454349,1
S7,629,12,1,0.9454349,1
S7,630,12,1,0.9454349,1
S7,631,12,1,0.9454349,1
S7,632,12,1,0.9406977,1
S7,633,12,1,0.9453406,1
S7,634,12,1,0.94285953,1
S7,635,12,1,0.94285953,1
S7,636,12,1,0.9453406,1
S7,637,12,1,0.9454349,1
S7,638,12,1,0.9453406,1
S7,639,12,1,0.9453406,1
S7,640,12,1,0.9453406,1
S7,641,12,1,0.943267,1
S8,468,13,0,0.055787615,0
S8,469,13,0,0.18992451,0
S8,470,13,0,0.11987844,0
S8,471,13,0,0.32306963,0
S8,472,13,0,0.082174055,0
S8,473,13,0,0.3367661,0
S8,474,13,0,0.084783606,0
S8,475,13,0,0.26594722,0
S8,476,13,0,0.08736571,0
S8,477,13,0,0.05702692,0
S8,478,13,0,0.053071685,0
S8,479,13,0,0.058912292,0
S8,480,13,0,0.074044414,0
S8,481,13,0,0.20229305,0
S8,482,13,0,0.49911928,0
S8,483,13,0,0.45462048,0
S8,484,13,0,0.058912292,0
S8,485,13,0,0.067051455,0
S8,486,13,0,0.06941673,0
S8,487,13,0,0.06639552,0
S8,488,13,0,0.13182269,0
S8,489,13,0,0.17797847,0
S8,490,13,0,0.07003273,0
S8,491,13,0,0.05797279,0
S8,492,13,0,0.09379766,0
S8,493,13,0,0.111897595,0
S8,494,13,0,0.06941673,0
S8,495,13,0,0.06941673,0
S8,496,13,0,0.06620147,0
S8,497,13,0,0.06941673,0
S8,498,13,0,0.058855027,0
S8,499,13,0,0.066737875,0
S8,500,13,0,0.05238895,0
S8,501,13,0,0.05629633,0
S8,502,13,0,0.06620147,0
S8,503,13,0,0.05629633,0
S8,504,13,0,0.0631177,0
S8,505,13,1,0.761739,1
S8,506,13,1,0.8751911,1
S8,507,13,1,0.85850483,1
S8,508,13,1,0.84372264,1
S8,509,13,1,0.8169179,1
S8,510,13,1,0.78200907,1
S8,511,13,1,0.77559656,1
S8,512,13,1,0.79141843,1
S8,513,13,1,0.82333446,1
S8,514,13,1,0.79468006,1
S8,515,13,1,0.8277578,1
S8,516,13,1,0.18128984,0
S8,517,13,1,0.07132461,0
S8,518,13,1,0.15595026,0
S8,519,13,1,0.85617024,1
S8,520,13,1,0.35123128,0
S8,521,13,1,0.36608624,0
S8,522,13,1,0.92385054,1
S8,523,13,1,0.8207437,1
S8,524,13,1,0.216526,0
S8,525,13,1,0.8649334,1
S9,642,14,0,0.08402288,0
S9,643,14,0,0.10582628,0
S9,644,14,0,0.06717657,0
S9,645,14,0,0.06447012,0
S9,646,14,0,0.06447012,0
S9,647,14,0,0.06447012,0
S9,648,14,0,0.06653914,0
S9,649,14,0,0.06787299,0
S9,650,14,0,0.06447012,0
S9,651,14,0,0.075114086,0
S9,652,14,0,0.074217744,0
S9,653,14,0,0.0978061,0
S9,654,14,0,0.09370215,0
S9,655,14,0,0.109299086,0
S9,656,14,0,0.06787299,0
S9,657,14,0,0.06639008,0
S9,658,14,0,0.071747415,0
S9,659,14,0,0.11024153,0
S9,660,14,0,0.075114086,0
S9,661,14,0,0.11024153,0
S9,662,14,0,0.10048371,0
S9,663,14,0,0.3631072,0
S9,664,14,0,0.090605356,0
S9,665,14,0,0.06447012,0
S9,666,14,0,0.06447012,0
S9,667,14,0,0.138447,0
S9,668,14,0,0.13538972,0
S9,669,14,0,0.0667392,0
S9,670,14,0,0.07196946,0
S9,671,14,0,0.06447012,0
S9,672,14,0,0.06447012,0
S9,673,14,0,0.06447012,0
S9,674,14,0,0.06447012,0
S9,675,14,0,0.06447012,0
S9,676,14,0,0.06447012,0
S9,677,14,0,0.075114086,0
S9,678,14,0,0.0978061,0
S9,679,14,0,0.18954676,0
S9,680,14,1,0.71933067,1
S9,681,14,1,0.7552411,1
S9,682,14,1,0.681961,1
S9,683,14,1,0.79565877,1
S9,684,14,1,0.8798758,1
S9,685,14,1,0.9106843,1
S9,686,14,1,0.9085821,1
S9,687,14,1,0.9082968,1
S9,688,14,1,0.9364495,1
S9,689,14,1,0.9192008,1
S9,690,14,1,0.8780469,1
S9,691,14,1,0.8839034,1
S9,692,14,1,0.6426681,1
S9,693,14,1,0.3578906,0
S9,694,14,1,0.15063527,0
S9,695,14,1,0.12014538,0
S9,696,14,1,0.24802658,0
S9,697,14,1,0.4859836,0
S9,698,14,1,0.25896555,0
S9,699,14,1,0.87472826,1
