fold,test_subject,k_used,selected_features
0,S10,20,BVP_median|BVP_neg_count|BVP_pos_count|ACC_X_acf1|ACC_X_pacf1|ACC_X_psd_7|ACC_X_psd_10|ACC_X_psd_11|ACC_Y_psd_5|ACC_Y_psd_6|ACC_Y_psd_7|ACC_Y_psd_8|ACC_Y_psd_9|ACC_Y_psd_11|ACC_Z_psd_11|ACC_Z_psd_12|ACC_Z_psd_13|ACC_Z_psd_15|ACC_Z_psd_18|ACC_Z_psd_19
1,S11,20,EDA_std|BVP_neg_count|BVP_pos_count|ACC_X_acf1|ACC_X_pacf1|ACC_Y_psd_6|ACC_Y_psd_7|ACC_Y_psd_8|ACC_Y_psd_9|ACC_Z_rms|ACC_Z_psd_8|ACC_Z_psd_10|ACC_Z_psd_11|ACC_Z_psd_12|ACC_Z_psd_14|ACC_Z_psd_15|ACC_Z_psd_16|ACC_Z_psd_17|ACC_Z_psd_18|ACC_Z_psd_19
2,S13,20,EDA_mean|EDA_std|EDA_rms|EDA_median|EDA_max|EDA_q1|EDA_q3|EDA_peak_val|BVP_median|BVP_neg_count|BVP_pos_count|ACC_X_acf1|ACC_X_pacf1|ACC_X_psd_7|ACC_Y_psd_5|ACC_Y_psd_6|ACC_Y_psd_7|ACC_Y_psd_8|ACC_Y_psd_9|ACC_Z_rms
3,S14,20,EDA_std|EDA_max|EDA_peak_val|BVP_neg_count|BVP_pos_count|ACC_X_acf1|ACC_X_pacf1|ACC_X_psd_7|ACC_X_psd_8|ACC_X_psd_9|ACC_X_psd_10|ACC_Y_psd_5|ACC_Y_psd_6|ACC_Y_psd_7|ACC_Y_psd_8|ACC_Y_psd_9|ACC_Z_rms|ACC_Z_psd_15|ACC_Z_psd_18|ACC_Z_psd_19
4,S15,20,EDA_std|BVP_median|BVP_neg_count|BVP_pos_count|ACC_X_acf1|ACC_X_pacf1|ACC_X_psd_7|ACC_X_psd_10|ACC_X_psd_11|ACC_X_psd_14|ACC_Y_psd_6|ACC_Y_psd_7|ACC_Y_psd_8|ACC_Y_psd_9|ACC_Z_rms|ACC_Z_psd_11|ACC_Z_psd_12|ACC_Z_psd_15|ACC_Z_psd_18|ACC_Z_psd_19
5,S16,20,BVP_neg_count|BVP_pos_count|ACC_X_acf1|ACC_X_pacf1|ACC_X_psd_7|ACC_X_psd_10|ACC_X_psd_11|ACC_X_psd_13|ACC_X_psd_14|ACC_Y_psd_6|ACC_Y_psd_7|ACC_Y_psd_8|ACC_Y_psd_9|ACC_Z_psd_10|ACC_Z_psd_11|ACC_Z_psd_12|ACC_Z_psd_13|ACC_Z_psd_15|ACC_Z_psd_18|ACC_Z_psd_19
6,S17,20,EDA_std|EDA_max|EDA_peak_val|BVP_median|BVP_neg_count|BVP_pos_count|ACC_X_acf1|ACC_X_pacf1|ACC_X_psd_10|ACC_X_psd_11|ACC_Y_psd_5|ACC_Y_psd_6|ACC_Y_psd_7|ACC_Y_psd_8|ACC_Y_psd_9|ACC_Y_psd_11|ACC_Z_rms|ACC_Z_psd_11|ACC_Z_psd_12|ACC_Z_psd_15
7,S2,20,BVP_neg_count|BVP_pos_count|ACC_X_acf1|ACC_X_pacf1|ACC_X_psd_7|ACC_X_psd_10|ACC_X_psd_11|ACC_X_psd_13|ACC_X_psd_14|ACC_X_psd_15|ACC_X_psd_16|ACC_Y_psd_6|ACC_Y_psd_7|ACC_Y_psd_8|ACC_Y_psd_9|ACC_Z_psd_11|ACC_Z_psd_12|ACC_Z_psd_15|ACC_Z_psd_18|ACC_Z_psd_19
8,S3,20,EDA_std|BVP_median|BVP_neg_count|BVP_pos_count|ACC_X_acf1|ACC_X_pacf1|ACC_X_psd_7|ACC_X_psd_9|ACC_X_psd_10|ACC_X_psd_11|ACC_X_psd_13|ACC_Y_psd_6|ACC_Y_psd_7|ACC_Y_psd_8|ACC_Y_psd_9|ACC_Z_psd_11|ACC_Z_psd_12|ACC_Z_psd_15|ACC_Z_psd_18|ACC_Z_psd_19
9,S4,20,BVP_neg_count|BVP_pos_count|ACC_X_acf1|ACC_X_pacf1|ACC_X_psd_5|ACC_X_psd_6|ACC_X_psd_7|ACC_X_psd_8|ACC_X_psd_9|ACC_X_psd_10|ACC_X_psd_11|ACC_X_psd_13|ACC_X_psd_14|ACC_Y_psd_5|ACC_Y_psd_6|ACC_Y_psd_7|ACC_Y_psd_8|ACC_Y_psd_9|ACC_Z_psd_11|ACC_Z_psd_15
10,S5,20,BVP_median|BVP_neg_count|BVP_pos_count|ACC_X_acf1|ACC_X_pacf1|ACC_X_psd_7|ACC_X_psd_9|ACC_X_psd_10|ACC_X_psd_11|ACC_X_psd_13|ACC_Y_psd_5|ACC_Y_psd_6|ACC_Y_psd_7|ACC_Y_psd_8|ACC_Y_psd_9|ACC_Z_psd_11|ACC_Z_psd_12|ACC_Z_psd_15|ACC_Z_psd_18|ACC_Z_psd_19
11,S6,20,BVP_median|BVP_neg_count|BVP_pos_count|ACC_X_acf1|ACC_X_pacf1|ACC_X_psd_7|ACC_X_psd_10|ACC_X_psd_11|ACC_X_psd_13|ACC_Y_psd_5|ACC_Y_psd_6|ACC_Y_psd_7|ACC_Y_psd_8|ACC_Y_psd_9|ACC_Z_psd_11|ACC_Z_psd_12|ACC_Z_psd_13|ACC_Z_psd_15|ACC_Z_psd_18|ACC_Z_psd_19
12,S7,20,EDA_std|BVP_median|BVP_neg_count|BVP_pos_count|ACC_X_acf1|ACC_X_pacf1|ACC_X_psd_7|ACC_X_psd_8|ACC_X_psd_9|ACC_X_psd_10|ACC_X_psd_11|ACC_Y_psd_6|ACC_Y_psd_7|ACC_Y_psd_8|ACC_Y_psd_9|ACC_Z_rms|ACC_Z_psd_11|ACC_Z_psd_15|ACC_Z_psd_18|ACC_Z_psd_19
13,S8,20,EDA_std|EDA_peak_val|BVP_median|BVP_neg_count|BVP_pos_count|ACC_X_acf1|ACC_X_pacf1|ACC_X_psd_5|ACC_X_psd_7|ACC_X_psd_10|ACC_X_psd_11|ACC_Y_psd_6|ACC_Y_psd_7|ACC_Y_psd_8|ACC_Y_psd_9|ACC_Y_psd_10|ACC_Z_rms|ACC_Z_psd_11|ACC_Z_psd_12|ACC_Z_psd_15
14,S9,20,EDA_std|BVP_neg_count|BVP_pos_count|ACC_X_acf1|ACC_X_pacf1|ACC_X_psd_7|ACC_X_psd_10|ACC_X_psd_11|ACC_X_psd_13|ACC_Y_psd_5|ACC_Y_psd_6|ACC_Y_psd_7|ACC_Y_psd_8|ACC_Y_psd_9|ACC_Z_psd_10|ACC_Z_psd_11|ACC_Z_psd_12|ACC_Z_psd_15|ACC_Z_psd_18|ACC_Z_psd_19
