Experiment,Metric,Value,Context
Exp 1,ROC-AUC,0.964,Internal WESAD LOOCV (Absolute)
Exp 1,Balanced Accuracy,0.933,Internal WESAD LOOCV (Absolute)
Exp 1,F1 Score,0.933,Internal WESAD LOOCV (Absolute)
Exp 3,ROC-AUC,0.423,External Dataset B Zero-Shot (Absolute WESAD Pipeline + ACC)
Exp 3,Balanced Accuracy,0.441,External Dataset B Zero-Shot (Absolute WESAD Pipeline + ACC)
Exp 4,ROC-AUC,0.539,External Dataset B Zero-Shot (Absolute WESAD Pipeline NO ACC)
Exp 4,Balanced Accuracy,0.514,External Dataset B Zero-Shot (Absolute WESAD Pipeline NO ACC)
Exp 5,ROC-AUC,1.000,External Dataset B Zero-Shot (Relative WESAD Pipeline NO ACC)
Exp 5,Balanced Accuracy,0.970,External Dataset B Zero-Shot (Relative WESAD Pipeline NO ACC)
Exp 5,Sensitivity,0.941,External Dataset B Zero-Shot (Relative WESAD Pipeline NO ACC)
Exp 5,Specificity,1.000,External Dataset B Zero-Shot (Relative WESAD Pipeline NO ACC)
Exp 6,Spearman Rho,0.991,Feature Attribution Rank Correlation between WESAD and Dataset B
Exp 6,Top 20 Jaccard,1.000,Feature Overlap between datasets for Top 20 SHAP features
