subject_id,dataset,available_signals,total_windows,baseline_windows,stress_windows,missing_invalid_signals,excluded_windows,reason
S3,WESAD,EDA|TEMP|BVP|ACC,57,37,20,None,0,
S2,WESAD,EDA|TEMP|BVP|ACC,56,37,19,None,0,
S6,WESAD,EDA|TEMP|BVP|ACC,58,38,20,None,0,
S13,WESAD,EDA|TEMP|BVP|ACC,59,38,21,None,0,
S14,WESAD,EDA|TEMP|BVP|ACC,59,38,21,None,0,
S10,WESAD,EDA|TEMP|BVP|ACC,61,38,23,None,0,
S4,WESAD,EDA|TEMP|BVP|ACC,57,37,20,None,0,
S7,WESAD,EDA|TEMP|BVP|ACC,58,38,20,None,0,
S8,WESAD,EDA|TEMP|BVP|ACC,58,37,21,None,0,
S15,WESAD,EDA|TEMP|BVP|ACC,59,38,21,None,0,
S16,WESAD,EDA|TEMP|BVP|ACC,59,38,21,None,0,
S9,WESAD,EDA|TEMP|BVP|ACC,58,38,20,None,0,
S11,WESAD,EDA|TEMP|BVP|ACC,59,38,21,None,0,
S17,WESAD,EDA|TEMP|BVP|ACC,61,38,23,None,0,
S5,WESAD,EDA|TEMP|BVP|ACC,58,38,20,None,0,
S13,Dataset_B,EDA|TEMP|BVP|ACC,31,5,26,None,0,
f11,Dataset_B,EDA|TEMP|BVP|ACC,61,2,59,None,0,
f02,Dataset_B,EDA|TEMP|BVP|ACC,51,1,50,None,0,
f09,Dataset_B,EDA|TEMP|BVP|ACC,60,2,58,None,0,
S03,Dataset_B,EDA|TEMP|BVP|ACC,26,5,21,None,0,
S12,Dataset_B,EDA|TEMP|BVP|ACC,32,5,27,None,0,
S15,Dataset_B,EDA|TEMP|BVP|ACC,31,5,26,None,0,
f03,Dataset_B,EDA|TEMP|BVP|ACC,75,4,71,None,0,
f04,Dataset_B,EDA|TEMP|BVP|ACC,62,2,60,None,0,
S07,Dataset_B,EDA|TEMP|BVP|ACC,27,4,23,None,0,
f14_b,Dataset_B,EDA|TEMP|BVP|ACC,51,2,49,None,0,
S18,Dataset_B,EDA|TEMP|BVP|ACC,31,5,26,None,0,
S14,Dataset_B,EDA|TEMP|BVP|ACC,34,6,28,None,0,
f15,Dataset_B,EDA|TEMP|BVP|ACC,55,1,54,None,0,
f06,Dataset_B,EDA|TEMP|BVP|ACC,63,1,62,None,0,
S16,Dataset_B,EDA|TEMP|BVP|ACC,29,5,24,None,0,
f07,Dataset_B,EDA|TEMP|BVP|ACC,63,1,62,"BVP, TEMP",0,f07 missing BVP/TEMP constraint
f10,Dataset_B,EDA|TEMP|BVP|ACC,61,2,59,None,0,
S06,Dataset_B,EDA|TEMP|BVP|ACC,31,5,26,None,0,
S02,Dataset_B,EDA|TEMP|BVP|ACC,28,5,23,None,0,S02 known duplicated signals constraint
f18,Dataset_B,EDA|TEMP|BVP|ACC,51,1,50,None,0,
S04,Dataset_B,EDA|TEMP|BVP|ACC,35,5,30,None,0,
S05,Dataset_B,EDA|TEMP|BVP|ACC,30,5,25,None,0,
f16,Dataset_B,EDA|TEMP|BVP|ACC,58,1,57,None,0,
f17,Dataset_B,EDA|TEMP|BVP|ACC,62,3,59,None,0,
f01,Dataset_B,EDA|TEMP|BVP|ACC,81,3,78,None,0,
S11,Dataset_B,EDA|TEMP|BVP|ACC,29,4,25,None,0,
f05,Dataset_B,EDA|TEMP|BVP|ACC,62,2,60,None,0,
f08,Dataset_B,EDA|TEMP|BVP|ACC,59,2,57,None,0,
S09,Dataset_B,EDA|TEMP|BVP|ACC,27,5,22,None,0,
S10,Dataset_B,EDA|TEMP|BVP|ACC,34,5,29,None,0,
f13,Dataset_B,EDA|TEMP|BVP|ACC,68,2,66,None,0,
f12,Dataset_B,EDA|TEMP|BVP|ACC,61,2,59,None,0,
S01,Dataset_B,EDA|TEMP|BVP|ACC,38,7,31,None,0,
S08,Dataset_B,EDA|TEMP|BVP|ACC,28,4,24,None,0,
S17,Dataset_B,EDA|TEMP|BVP|ACC,29,4,25,None,0,
