window_idx,subject_id,dataset,task,EDA_mean,EDA_std,EDA_rms,EDA_median,EDA_min,EDA_max,EDA_q1,EDA_q3,EDA_skewness,EDA_kurtosis,EDA_peak_val,EDA_crest_factor,EDA_impulse_factor,EDA_clearance_factor,EDA_shape_factor,EDA_neg_count,EDA_pos_count,EDA_acf1,EDA_pacf1,EDA_psd_0,EDA_psd_1,EDA_psd_2,EDA_psd_3,EDA_psd_4,EDA_psd_5,EDA_psd_6,EDA_psd_7,EDA_psd_8,EDA_psd_9,EDA_psd_10,EDA_psd_11,EDA_psd_12,EDA_psd_13,EDA_psd_14,EDA_psd_15,EDA_psd_16,EDA_psd_17,EDA_psd_18,EDA_psd_19,TEMP_mean,TEMP_std,TEMP_rms,TEMP_median,TEMP_min,TEMP_max,TEMP_q1,TEMP_q3,TEMP_skewness,TEMP_kurtosis,TEMP_peak_val,TEMP_crest_factor,TEMP_impulse_factor,TEMP_clearance_factor,TEMP_shape_factor,TEMP_neg_count,TEMP_pos_count,TEMP_acf1,TEMP_pacf1,TEMP_psd_0,TEMP_psd_1,TEMP_psd_2,TEMP_psd_3,TEMP_psd_4,TEMP_psd_5,TEMP_psd_6,TEMP_psd_7,TEMP_psd_8,TEMP_psd_9,TEMP_psd_10,TEMP_psd_11,TEMP_psd_12,TEMP_psd_13,TEMP_psd_14,TEMP_psd_15,TEMP_psd_16,TEMP_psd_17,TEMP_psd_18,TEMP_psd_19,BVP_mean,BVP_std,BVP_rms,BVP_median,BVP_min,BVP_max,BVP_q1,BVP_q3,BVP_skewness,BVP_kurtosis,BVP_peak_val,BVP_crest_factor,BVP_impulse_factor,BVP_clearance_factor,BVP_shape_factor,BVP_neg_count,BVP_pos_count,BVP_acf1,BVP_pacf1,BVP_psd_0,BVP_psd_1,BVP_psd_2,BVP_psd_3,BVP_psd_4,BVP_psd_5,BVP_psd_6,BVP_psd_7,BVP_psd_8,BVP_psd_9,BVP_psd_10,BVP_psd_11,BVP_psd_12,BVP_psd_13,BVP_psd_14,BVP_psd_15,BVP_psd_16,BVP_psd_17,BVP_psd_18,BVP_psd_19,ACC_X_mean,ACC_X_std,ACC_X_rms,ACC_X_median,ACC_X_min,ACC_X_max,ACC_X_q1,ACC_X_q3,ACC_X_skewness,ACC_X_kurtosis,ACC_X_peak_val,ACC_X_crest_factor,ACC_X_impulse_factor,ACC_X_clearance_factor,ACC_X_shape_factor,ACC_X_neg_count,ACC_X_pos_count,ACC_X_acf1,ACC_X_pacf1,ACC_X_psd_0,ACC_X_psd_1,ACC_X_psd_2,ACC_X_psd_3,ACC_X_psd_4,ACC_X_psd_5,ACC_X_psd_6,ACC_X_psd_7,ACC_X_psd_8,ACC_X_psd_9,ACC_X_psd_10,ACC_X_psd_11,ACC_X_psd_12,ACC_X_psd_13,ACC_X_psd_14,ACC_X_psd_15,ACC_X_psd_16,ACC_X_psd_17,ACC_X_psd_18,ACC_X_psd_19,ACC_Y_mean,ACC_Y_std,ACC_Y_rms,ACC_Y_median,ACC_Y_min,ACC_Y_max,ACC_Y_q1,ACC_Y_q3,ACC_Y_skewness,ACC_Y_kurtosis,ACC_Y_peak_val,ACC_Y_crest_factor,ACC_Y_impulse_factor,ACC_Y_clearance_factor,ACC_Y_shape_factor,ACC_Y_neg_count,ACC_Y_pos_count,ACC_Y_acf1,ACC_Y_pacf1,ACC_Y_psd_0,ACC_Y_psd_1,ACC_Y_psd_2,ACC_Y_psd_3,ACC_Y_psd_4,ACC_Y_psd_5,ACC_Y_psd_6,ACC_Y_psd_7,ACC_Y_psd_8,ACC_Y_psd_9,ACC_Y_psd_10,ACC_Y_psd_11,ACC_Y_psd_12,ACC_Y_psd_13,ACC_Y_psd_14,ACC_Y_psd_15,ACC_Y_psd_16,ACC_Y_psd_17,ACC_Y_psd_18,ACC_Y_psd_19,ACC_Z_mean,ACC_Z_std,ACC_Z_rms,ACC_Z_median,ACC_Z_min,ACC_Z_max,ACC_Z_q1,ACC_Z_q3,ACC_Z_skewness,ACC_Z_kurtosis,ACC_Z_peak_val,ACC_Z_crest_factor,ACC_Z_impulse_factor,ACC_Z_clearance_factor,ACC_Z_shape_factor,ACC_Z_neg_count,ACC_Z_pos_count,ACC_Z_acf1,ACC_Z_pacf1,ACC_Z_psd_0,ACC_Z_psd_1,ACC_Z_psd_2,ACC_Z_psd_3,ACC_Z_psd_4,ACC_Z_psd_5,ACC_Z_psd_6,ACC_Z_psd_7,ACC_Z_psd_8,ACC_Z_psd_9,ACC_Z_psd_10,ACC_Z_psd_11,ACC_Z_psd_12,ACC_Z_psd_13,ACC_Z_psd_14,ACC_Z_psd_15,ACC_Z_psd_16,ACC_Z_psd_17,ACC_Z_psd_18,ACC_Z_psd_19
0,S5,WESAD,Baseline,1.2177858666666665,0.11543303567567288,1.2232445382954813,1.224285,0.696081,1.361132,1.170569,1.31509,-1.3831862314434136,2.997409378326144,1.361132,1.1127227191788076,1.1177104498253023,1.1204460365214985,1.004482447804171,0,240,0.8877366823011543,0.8914510617250083,0.03642997399295852,0.09351381507538316,0.036831194931586334,0.03883747994144235,0.029494748561662055,0.012584905213030791,0.0062547718680505526,0.0074126152044162365,0.007390888052145556,0.007240443655992667,0.005717338259877941,0.002826953906684243,0.0012413814265976157,0.0004983261893184507,0.00033024905922425496,0.0003301847322801647,0.0001574759530189733,0.0001157910566162302,0.00010056113178287392,7.708211651358793e-05,34.04041666666667,0.1939991329934363,34.04096947062466,34.0,33.75,34.37,33.87,34.23,0.3182928794363147,-1.3233816460808023,34.37,1.0096657211705622,1.009682117773818,1.0096903058636748,1.000016239341699,0,240,0.9886978118663936,0.9928346227947048,0.0024239027014991664,0.02231661892060549,0.0021638382912347784,0.0019045407785816997,0.001039711303029289,0.0006406236453409388,0.0006375990038645043,0.00026025379075487516,0.00011212918948278013,0.00020257025547098034,0.000190540132216371,6.379129648931974e-05,0.00010378553240962521,0.00018951853395018643,0.000118126203123835,0.0001113124004553344,0.00013326591417334838,5.7140374523804146e-05,4.4024792587210955e-05,9.716542348804618e-05,-0.329054687499999,204.67974303290904,204.6800075261662,5.105,-1092.57,743.27,-82.2025,97.715,-0.656447639538311,2.830503412070291,1092.57,5.337941957066553,7.795822154671713,10.34667458131223,1.4604546503115219,1844,1996,0.9902558465477236,0.9905137928479444,229565.896370704,726291.8320769935,95979.75745606162,19210.86642096557,2784.588873935832,494.3079997602004,79.34067831689501,11.976508202042975,3.2044689845540844,0.7823479466729485,0.2787480192504807,0.15633669785060725,0.07645982757091246,0.07565311784545957,0.041102020284701946,0.043084712875708316,0.0397722813760423,0.053580850801138495,0.016791651252747647,0.0075593064731832174,32.11302083333333,24.236749767160774,40.232650246203434,38.0,-38.0,87.0,11.0,56.0,-0.3008935097817279,-1.0078423960073977,87.0,2.1624227945705754,2.546457916537464,2.928621351859866,1.1775948358934216,183,1721,0.9837357252283119,0.9842483545796555,728.1100615087211,1627.294811911222,545.691287568805,163.04799180508292,85.49670371220954,45.210625217641024,37.42755064040131,41.899139091349916,29.412697943505535,22.908396355658283,24.453179185411813,22.070690151774855,15.8355866937102,13.032916686983754,11.639855366167872,7.2950336481379185,6.826476494822684,7.507254991633562,5.003045428127948,3.0497763982107156,22.018229166666668,13.855360772684937,26.014869546088445,19.0,-13.0,52.0,12.0,32.0,0.5902042621525706,-0.7828838010987931,52.0,1.9988568417722499,2.3573300581951515,2.627409884877271,1.1793391142503837,5,1915,0.9904335692059688,0.9909496888355707,218.47297135996004,473.47891656676376,108.46533374885108,51.7087554512015,20.935592816374005,14.923032644190013,6.31873325445816,5.457553940749624,4.48325674789327,3.8053959522176646,3.828392440131144,2.8724038932188742,2.1635673383683045,2.1460406655310744,1.1614523917067712,1.05027229081638,1.6087056382260334,1.3316630432813472,1.3118824895414969,0.7540260113110867,33.846354166666664,24.892808485365585,42.014611793597076,26.5,-46.0,77.0,15.0,59.0,-0.24916839604992133,-0.9775152240926275,77.0,1.832695738329008,2.1687913500426776,2.470814005267594,1.1833886575760313,132,1781,0.9912047765700704,0.9917212980794866,873.0470344975716,1628.239738144171,215.49503375304545,95.18798675788666,52.75998407052421,33.13397978407073,33.03554837929289,20.851850980242688,13.636031343891116,12.883007606959602,9.755617177648263,11.508892830843678,9.063248092240146,9.28464793911151,5.960237657325702,4.2042332130790205,3.3257942606455497,3.183119796602594,2.873030868164972,1.3099996087203498
1,S5,WESAD,Baseline,1.1016818791666665,0.10297831253455288,1.106484294365309,1.1174925,0.703754,1.244748,1.02349,1.18751475,-1.086300928370016,1.8869739108953487,1.244748,1.1249576655441131,1.1298615437361428,1.1325006832288327,1.004359157798514,0,240,0.9348530673705647,0.9387645864809016,0.020789107250923443,0.061863292338647825,0.03171076115859704,0.02195865327794195,0.006103438341670123,0.0024506308359431694,0.004447926576873178,0.0014048353446003538,0.0007677903526979278,0.0008344177867023827,0.0007723794877317918,0.00043367930864955103,0.00025733197339641167,0.00016080778314108928,0.0002309200122427941,0.00016028197186991727,0.00010224424474235439,7.712710738919585e-05,0.00015230039636849287,2.382667527651024e-05,33.826249999999995,0.07592829304832568,33.82633521631728,33.83,33.68,34.0,33.77,33.89,0.15679632829921225,-0.5370752720793446,34.0,1.0051340108977458,1.0051365430678434,1.0051378057816842,1.0000025189406825,0,240,0.975823245098925,0.9799061875470378,0.006695502397098708,0.016639315983763187,0.001521674756824685,0.0015250983171123016,0.0011311839345994102,0.0007037400497034386,0.0006062385466674286,0.00015936779627997416,0.00011229203773870164,0.00013828778926744056,0.00012109967590968753,6.814749383971185e-05,5.9659664996343106e-05,0.0001837797649570075,0.00012962322280130406,0.00012314952219989376,0.00011473482618345466,3.6059777756664303e-05,5.07014700456067e-05,3.5674058825210034e-05,-0.42684635416666483,188.00535325541887,188.00583779964066,5.1,-1092.57,743.27,-54.09,65.78999999999999,-0.735504622384724,4.664584491503315,1092.57,5.8113620977357465,9.324499599006728,13.181827603555494,1.6045291003539117,1807,2033,0.9881596623883311,0.9884170626650669,197739.36578961494,645897.4433109002,75624.7156529789,14094.871911988088,2061.9223537837684,398.3847533420302,61.03482155529736,8.565169832582454,2.0995716958298534,0.46908559039705827,0.21475543484028645,0.12639927733482664,0.061465420339698984,0.03744328406992988,0.01957145419035013,0.024255221925649155,0.02841509826517792,0.044403841663679944,0.011845778604412889,0.00635541045902441,46.1359375,16.34930428152056,48.94716007253808,51.0,-18.0,104.0,39.0,57.0,-1.099274097657826,1.568126606088005,104.0,2.124740226493795,2.2437215569067988,2.3511096748402576,1.0559980596550138,37,1879,0.953481684284476,0.9539785481116173,395.38557679607794,1593.9367775784824,502.1988000475476,202.62521870254466,81.91944140170061,70.29594323760757,57.55102151722666,63.59755947383912,40.07604879318382,32.05213044982512,32.57624280624088,26.527585022415106,21.850537488615085,12.75779529895439,12.240565484786215,12.250310441988656,11.985912480495042,11.232138542287736,11.038848268239201,5.602238479483473,24.7296875,12.408765137347567,27.66830128203272,22.0,-33.0,54.0,18.0,31.0,0.3217800651688179,0.09663993410604776,54.0,1.9516919174054852,2.1658206421093404,2.307445116076608,1.1097144083097554,17,1900,0.9856814985437043,0.9861951418467497,144.70880448015558,498.4956925548068,214.6706726233263,87.47862271732994,15.209967603591048,10.254484787137962,8.395514107466795,7.053567205525588,4.560489991662425,3.715590013482364,3.1328950701223257,2.5719253257381145,1.8938901814405658,2.0212902911825785,1.5278682937929722,1.4089433397340694,1.6951002452797865,1.2340008628248325,1.2717232283401274,0.7778326077305967,23.0640625,19.981125482874656,30.51551005909399,19.0,-46.0,82.0,15.0,31.0,0.12477434136011463,0.8155828034800443,82.0,2.687158098105964,3.20606023455808,3.5710996017104764,1.1931044309477845,169,1744,0.9842418499935406,0.9847547430888993,807.9406852081951,1887.2395506469948,335.12537074154903,97.54039209636215,55.5784816859242,33.948252274932535,28.707381903707738,22.2989828193779,19.712290431199566,12.823564492205241,16.047325347508544,17.984538013007185,10.344155828973113,9.299221069558644,5.3074083911078,4.56895825189492,4.323980054075746,3.7024314502675386,3.5073948030926165,2.0068302775677163
2,S5,WESAD,Baseline,1.0582670833333334,0.07109927423483382,1.0606527825078171,1.07209,0.703754,1.168011,1.02349,1.10310475,-2.261178516528846,7.655813589943374,1.168011,1.1012189929169414,1.1037015204932763,1.1050664247218571,1.0022543355921323,0,240,0.9015778856835209,0.9053501780922389,0.012724676177113934,0.0790219420052229,0.05759629189904168,0.02397035219860608,0.011859292240399113,0.003904015436586399,0.004929580872672869,0.00202691059258231,0.0012759293027206633,0.0006421671847413541,0.000982019373414284,0.0010678773455695724,0.0007203021991857945,0.0006487709807845343,0.0004435168513516238,0.00045972074673208344,0.00019861383710296078,0.00018927636636965678,0.00021603440194457307,0.00030394657500400153,33.78133333333333,0.04479460292766892,33.78136303249668,33.77,33.68,33.89,33.75,33.81,0.14691058764849424,0.13566072035495935,33.89,1.0032158843728909,1.0032167663591678,1.0032172041556868,1.0000008788629817,0,240,0.9687514997139013,0.9728048532691896,0.0021959872616339033,0.011077967424741614,0.0013436485092498088,0.0008061811591812444,0.0008948290022841222,0.0010987605429159883,0.00030875216976581867,0.00011700120279623835,7.539883196956556e-05,0.00010502621747028342,9.394097078156592e-05,4.446257760232459e-05,4.851003835415418e-05,8.922099479892492e-05,0.00019650676633965928,0.00011181410858829695,5.4331853759498433e-05,3.057992109325543e-05,3.2088219489061144e-05,3.677166803818268e-05,-1.0078359374999988,154.18029639127525,154.183590324959,6.72,-822.42,623.53,-47.115,55.565,-0.7211466324450754,4.562291829102605,822.42,5.334030672222111,8.519205211379907,11.788244038494472,1.5971421490304896,1762,2078,0.989875926800327,0.9901337741373419,162498.00952233837,444450.16696852725,57943.83557178087,8793.217035633437,1396.6669593957145,238.66220791341829,48.54362956109265,11.996026997831546,4.056814901000551,1.25495468040953,0.34689940865092783,0.12087317118965205,0.0801564153743552,0.06398847068526793,0.023415892244437988,0.017612181288952936,0.018113367522047116,0.03600531943667786,0.012977396022742458,0.006086572819895618,51.99010416666667,18.200658365468428,55.08388962149762,58.0,-19.0,104.0,52.0,62.0,-2.014986863632786,3.601742814332101,104.0,1.8880293438924394,1.979832832247511,2.0805126943026973,1.0486239730821048,79,1833,0.9652985858933406,0.9658016075639466,365.4716433161883,1764.0892027798443,522.3676538433086,209.35974635521325,103.23426988255456,76.04808942825575,51.115721910915845,43.6920302826612,37.482879308481934,31.87799867249927,30.525707816731675,23.663005431134387,22.029236215839656,11.196475595852899,10.95784142896094,11.786789044124866,10.290458816960781,12.231460588578319,12.322453454369532,5.605332205841465,15.149479166666667,10.601790824703555,18.49066487447112,9.0,-33.0,64.0,8.0,22.0,1.2818782379663736,4.046512261771734,64.0,3.4612059869057847,4.14952892041769,4.5935306861606895,1.1988679477245223,33,1878,0.980398522896165,0.9809094132155481,192.2660454559842,566.6210405735764,230.25565058781544,111.05910739075476,24.177320011384378,15.009450140532646,8.363546483288047,6.2938932590387235,4.159141250512124,2.723517299525635,2.135465101542442,2.215962204685279,2.140476556938129,2.0464789967612154,1.5622353193392335,1.3456064715832499,1.349121348201229,1.1883660365918554,1.2224544556730845,0.5508575209234295,12.671354166666667,23.013872914900194,26.271687469593573,14.0,-43.0,83.0,-8.0,25.0,0.7301412079045401,-0.2508868536117026,83.0,3.159294585262934,4.104360365755692,4.789160631977298,1.299138226406269,823,1087,0.9888689567295085,0.9893842610321294,612.6657511033899,1431.5801407490117,370.4628971126485,101.28191449525639,44.72391120099383,24.774325803021984,17.677325909496357,17.98495089259502,21.336492704002147,18.881262904347185,17.64122386821254,15.511924934710136,8.510477761205129,7.553926187735809,4.578713039556943,4.570432050949403,4.133401224943215,3.804891941635068,3.462834836314626,1.833018597768534
3,S5,WESAD,Baseline,1.0439162791666667,0.04614348915769066,1.0449356049910226,1.0407565,0.861065,1.141153,1.008143,1.08488,-0.24483967647757574,-0.2881355984956082,1.141153,1.0920797258975656,1.0931460806219961,1.0936840488461914,1.0009764344468364,0,240,0.9409846727982556,0.9449218471614279,0.00015353403387250396,0.006660258615268942,0.002641897274728109,0.0008397128686437442,0.00041481147183571244,0.00017436612936186607,7.827562013673426e-05,0.00010979291467929882,9.068378494219027e-05,9.110945522373139e-05,7.38687349047665e-05,9.405851361914975e-05,0.00012660773850545914,8.835012037298908e-05,6.698608420077629e-05,3.835555299826841e-05,3.727937496532991e-05,7.48327273197986e-05,6.969557655240429e-05,6.17578484073764e-05,33.874249999999996,0.12028205701173499,33.8744635504879,33.83,33.75,34.15,33.77,33.95,0.8747688220824683,-0.6166726605536339,34.15,1.0081340458431196,1.0081404013348958,1.0081435710459916,1.000006303917809,0,240,0.9858145727644636,0.9899393199308418,0.0008645671835147638,0.010225201607225499,0.001634110956305432,0.00047241571974673824,0.0005693796781196952,0.0004595914130982593,0.00015847508771097235,0.00015253450806897682,7.835411291269188e-05,9.212674487542971e-05,8.686065375830233e-05,4.340140678139472e-05,6.717958078486073e-05,4.3041759204145274e-05,8.52931221237638e-05,7.203032792121174e-05,2.8512317181786753e-05,4.51180077656325e-05,2.1650425685865878e-05,4.759498922442412e-05,0.29709895833333405,112.22866923428863,112.22906247334436,6.885,-822.42,456.26,-35.932500000000005,42.2125,-1.6276460039944254,9.990230059559307,822.42,7.328048384277053,11.957397172778993,15.936048706917212,1.6317301066637544,1762,2078,0.9872651935697567,0.9875223608512282,64039.90225475464,195496.8525042178,34770.28803647054,6277.100531254593,1032.3859041699654,203.85793013716219,42.76276644460516,10.72917094063576,3.73410987505633,1.1494482119581448,0.3079410383802405,0.10903429019845302,0.07023758338984948,0.05438657290372378,0.019872567894431068,0.015662050739458738,0.01584122652178237,0.030317202878324078,0.011217983257837707,0.005262408263457247,58.73385416666667,13.42558580337972,60.24875085150452,62.0,-19.0,85.0,62.0,62.0,-4.091762979979924,15.981299041217458,85.0,1.4108176316450423,1.4388362351542812,1.4727673262738554,1.0198598335050242,47,1867,0.9834658529157638,0.9839783416353655,71.00730480915084,125.35745527248963,83.72548281049788,43.481165844411116,42.985238331506835,23.387277800145583,13.306276324775983,5.798964704412842,9.653057397075743,8.108944789307921,7.039783569171289,5.545743044340434,4.86880976276525,2.5679922570536187,2.384097052504834,1.477997650431572,0.6530335424320531,1.893530623692066,2.108680492088364,0.6766520465136241,9.1546875,7.26231203469368,11.68543876654474,8.0,-10.0,64.0,8.0,8.0,5.91249158871596,37.07652651699443,64.0,5.476901742745181,6.9372776981202655,7.380881226282706,1.2666427148109503,16,1898,0.9818599271994738,0.9823715790635693,123.35410305910536,221.5366287810108,56.19877250935042,35.40568119194695,5.79432166036456,6.454090034580617,2.3284637260168912,1.1706607196454393,1.0034983007834717,0.8856238217641519,0.9312672636156866,0.7815084952659345,0.6913061918793573,0.43384883032282406,0.3778398987089682,0.426643736841073,0.43946426579113057,0.3598995400940537,0.28713733268764424,0.07803696949563126,-4.832291666666666,14.705228635047982,15.478849817304472,-9.0,-11.0,83.0,-10.0,-8.0,3.679130737228334,13.028125762227845,83.0,5.362155517110139,7.20825040083235,7.960259911102525,1.3442822337350446,1727,185,0.9911855467215288,0.99170205821018,109.10144840714645,259.63774804646414,103.43226308910694,34.46431635367114,7.639605443001264,3.836059670064084,4.110816931474402,3.214469366591316,8.166789950002238,10.477075662806813,5.249899653535684,2.9291230547041502,1.8160731872446818,1.5027946715428786,1.4690297147542468,1.596935486116968,1.018739237664226,0.9833422316760382,0.6510066249425615,0.3067513276980842
4,S5,WESAD,Baseline,0.9912877625000001,0.0339072611899165,0.9918674960726924,0.9921565,0.859786,1.045233,0.977448,1.01198,-1.1276750386282453,2.2757550809647755,1.045233,1.0538030468793242,1.054419341180767,1.0547344031652712,1.0005848186457806,0,240,0.9693371401569723,0.9733929440906836,0.00031237412459320747,0.009114671193890233,0.00443302235731485,0.0013498538333844372,0.0005602643364447183,0.00028786602112014953,0.00022417027092980872,0.00020962592951951817,8.185575517456853e-05,6.788525682922525e-05,3.6763478070454e-05,4.668605071405769e-05,3.627729502065761e-05,2.7107989783297006e-05,2.2057202751126763e-05,1.9153903788323784e-05,1.4870414613079319e-05,1.1237463834539609e-05,2.1974474660878467e-05,1.0091312340012473e-05,34.13908333333333,0.20650261625204944,34.139707880511615,34.15,33.81,34.5,33.95,34.29,0.1303978790415712,-1.0436056265725984,34.5,1.0105534619875445,1.0105719492534984,1.010581186601227,1.0000182939059026,0,240,0.9874592849104687,0.9915909137176251,0.004337880674233774,0.025437800366501787,0.0012747051283138772,0.0007513423678999455,0.000579497019413373,0.0007608018876451456,0.00012799569651484628,0.00014576610885540781,8.1135784136942e-05,0.00023059260058618187,0.0002131632765953606,5.2186461145343494e-05,6.011661467135689e-05,3.569608139239016e-05,0.00013692233546590458,7.582906418184106e-05,4.379610340235785e-05,3.0108262065626216e-05,5.8368551752102395e-05,0.00010622869118222381,1.0281901041666663,93.54105155974241,93.54670223969347,2.3499999999999996,-545.71,691.01,-23.83,29.8825,-0.5914702762737463,9.902405957221129,691.01,7.386791660015619,12.996358783437561,18.483952348316215,1.7594050814235083,1810,2030,0.9858827583443005,0.9861395655228222,44081.11850405566,167436.77539840477,40422.33964684002,4273.127131897165,824.3496951872858,189.81063261259544,31.057835149253332,6.210294213627133,1.993835669540895,0.5724548516953815,0.18095944556803098,0.08137034104507732,0.06049187587461148,0.044014021488482914,0.015058061069929475,0.009842411682833637,0.008714109634254981,0.014789137006862078,0.005104663953017451,0.002411462171167554,48.5390625,17.545729997314876,51.612917270453394,62.0,2.0,94.0,26.0,62.0,-0.5899261189847591,-1.449104096124529,94.0,1.8212495040577612,1.9365845803188753,2.015441065120246,1.063327443949296,0,1920,0.9922817780370553,0.9927988607770434,87.31579911461442,353.190563299472,113.51582348098174,34.20111113535197,24.808164259397227,21.004638500945674,13.396682416655764,10.52559047489023,6.48917631654766,3.7026302442192436,6.568208845837041,5.507370661935975,5.565376480609666,5.449284344609618,2.5861944863388744,2.2357732422983445,1.074628152124564,1.262303569827385,0.9455018038199406,0.3229174765027943,12.929166666666667,5.255570797797986,13.956517294798156,9.5,7.0,35.0,8.0,17.0,0.6388598825529641,-0.1063163421271689,35.0,2.5077889587803712,2.7070576840164553,2.8189011898807084,1.0794599252854828,0,1920,0.9863680572927898,0.986882058364855,9.019940507647515,52.62380250780834,25.1979978224902,14.262145729783777,5.334115090933706,1.5257487025854999,1.1225653360028967,0.9521112152356389,0.7710868457549546,0.6918582111151997,0.884230889426418,0.7306717708294,0.6647354110255211,0.39827616617197337,0.41382576717021563,0.4129855342644113,0.5365843550453084,0.343139725169408,0.334780392508701,0.10186269376345762,14.0875,30.897539859476687,33.95755622832715,-9.0,-42.0,71.0,-10.0,55.0,0.4948715770012268,-1.5835845332173912,71.0,2.09084539245683,2.712835819858976,3.2602232874293664,1.2974827449448052,1112,804,0.9967656213608735,0.9972850406528802,215.16361772890306,838.3332905822173,115.73905265656519,35.24792312296223,29.109322382608642,27.586458158226588,15.408790664942723,9.47813662039619,6.612271485067324,3.697156182865156,9.935445556723156,6.962001913645189,7.800204002193047,3.297406418477377,1.5488699958682073,1.7400429022797863,1.2596871031670382,0.8689498053520954,1.1311880353313941,0.8125221291903236
5,S05,Dataset_B,Baseline,8.991631008333336,0.7443722347358843,9.02238982747807,8.6656215,7.620719,10.620291,8.425001,9.67098575,0.5856144609695151,-0.9395890532912681,10.620291,1.1771039814622521,1.1811306511961994,1.1831162114958802,1.003420826442057,0,240,0.9793507099593614,0.9834484116746731,0.9038969715399178,2.7157999347601756,0.5937773658894228,0.5624427364427523,0.14476257829422692,0.0639649494805527,0.0434464029158585,0.034733969614210186,0.012062969072185858,0.010271720775675125,0.01237524116226632,0.0045934530435155834,0.004387884773029991,0.007114088256123318,0.004264520590888621,0.002726466690749076,0.0018715680200097641,0.0015859147809109547,0.0008601291318732206,0.00030453844743924514,33.50300000000001,0.032675178961561926,33.50301593389268,33.5,33.43,33.55,33.49,33.53,-0.2102837904487533,-0.5173843324566056,33.55,1.001402382883559,1.001402859146523,1.001403094141545,1.0000004752975156,0,240,0.9473579456759273,0.9513217864528143,0.0004741498861362955,0.0019477958505253652,0.0008823737804212071,0.000323060300655045,0.00102168718025623,0.0006381451153218166,0.0002815660491761068,9.140492641749703e-05,4.522844966456388e-05,1.3814092698243184e-05,1.1765464645390413e-05,2.5998572426908253e-05,3.98865416590253e-05,6.948163365509037e-05,0.00012432284409775454,0.0001266151082910883,1.8266277184938774e-05,2.3443432554331213e-05,1.2231421595009741e-05,4.1967909973639434e-06,-0.026177083333333566,85.40821829485617,85.40822229641203,2.36,-607.75,827.81,-15.682500000000001,11.865,2.119630347728591,28.7017692495766,827.81,9.692392344031402,21.374896559115427,34.376474623854634,2.2053272090017555,1763,2076,0.9884403091856846,0.9886977825665613,60662.43641450935,157487.01701016788,18556.95313127925,3623.1309214577927,639.8872918274311,130.37238617126616,40.660038252164526,10.495395821946945,3.3928746716940066,0.9273644499994331,0.23234232762190257,0.08279076326380366,0.056437379257089804,0.058465116611161695,0.027457412089307482,0.01851828735036237,0.020876407402858434,0.033590598303908176,0.01299626775601812,0.004515405015052928,-41.830729166666664,13.245517863912545,43.87771240428714,-36.0,-128.0,6.0,-61.0,-34.0,-0.7564798605991615,0.2832802986068996,128.0,2.9171985720550366,3.059037328585948,3.134784731101066,1.0486215635755707,1916,3,0.9548406147488276,0.9553381867210786,65.01343509255891,163.01593295354922,81.66555408531698,83.71580155892957,48.5713857257601,45.76815115754503,47.7259223784793,58.52324149442525,57.304814327292014,44.299114912804775,31.554114647456416,24.053449522894685,10.560084124834543,4.8506716801245835,6.812201826168074,7.589035765513489,7.043494545206078,3.566818311559342,3.289366537408201,2.462414100491977,-5.663541666666666,15.63860488564659,16.63254841167362,-14.0,-42.0,33.0,-15.0,3.0,0.9840649077710691,-0.6983234852609161,42.0,2.5251692606089415,2.6540284343418463,2.762849898790639,1.0510299147654547,1403,505,0.9861914222230691,0.9867053312497615,36.58481729537356,173.84500143559478,65.50627476748781,22.529069570221658,12.916307607964029,7.528342191696786,6.779294056894597,5.401314157546617,4.779275310591978,4.138261639361872,4.202702063407226,3.802292675295586,5.207795487905944,5.770059716159248,5.940968275115525,5.8253421012596585,6.192269680268215,4.680758712804983,2.3118571244984554,0.773169594825238,34.9796875,25.360137363117992,43.2054985408879,50.0,-25.0,85.0,9.0,51.0,-0.9729725772786272,-0.894078141410541,85.0,1.9673421867794463,2.2023399856647514,2.4424506459285724,1.1194493769079705,441,1479,0.9914193197951406,0.9919359531040488,129.9094641778525,328.8065278265309,52.510154194552754,51.11901690625953,16.621561186265208,11.689369403973478,38.96065394585049,25.843967901395402,23.91465527122452,28.614885652521632,28.41957253435875,15.27563097030533,8.292840971750028,4.109325265184873,3.264951761718166,4.607693112586572,4.038780412647538,3.1985229192982594,3.3695458737736907,1.6834469576412254
6,S05,Dataset_B,Baseline,10.030995954166666,0.8424198698224652,10.066307716970078,10.0473015,8.36286,11.843329,9.65880625,10.57993075,-0.2623678847634215,-0.17369202268562045,11.843329,1.1765315864792063,1.1806732893032217,1.182794314500415,1.0035202638830236,0,240,0.9784966920414693,0.9825908204600531,0.4751893772694827,4.428875615691297,0.7666799160739894,0.4080231082964657,0.1337553379824106,0.029153302313114027,0.009433660339512227,0.024057575910089245,0.012908534865264255,0.0066791690645211415,0.011691871817699543,0.0052775983316858555,0.0030816878104760245,0.0038568819256645224,0.0012055770144925894,0.0008098485738485618,0.0004869063887692735,0.000908482232058455,0.0011933474809729626,0.000315238722381739,33.48350000000001,0.04777814307361388,33.48353408766763,33.49,33.41,33.55,33.43,33.53,0.08286990150462364,-1.5190731205904928,33.55,1.0019850324681527,1.001986052532744,1.0019865593723947,1.0000010177450867,0,240,0.9709556273500517,0.9750182031967046,0.00046578967853344496,0.002559943202299296,0.0007925589434091535,0.0007031692685745299,0.0014765065319977727,0.001244825097827059,0.00043990204273056224,0.00011327536866568258,3.747187619588368e-05,2.1873588645813915e-05,1.976210563805944e-05,2.0362794092321727e-05,4.7290692607428606e-05,0.00011454104545541808,0.00023290260928156037,0.00018212335523299243,4.4374653883287874e-05,2.404598009290194e-05,7.983497880993631e-06,8.760093561136268e-06,0.15375520833333314,80.95238904183098,80.95253504755117,3.5,-607.75,827.81,-27.1725,26.83,2.203052873158607,33.52799783236353,827.81,10.225868768797534,19.32829414251318,26.324064545893425,1.890137119606161,1776,2064,0.9870176130607661,0.9872747158513522,56547.438663711444,137745.03938477053,23429.359387153334,3788.8843913132614,656.3244609821745,107.48555294560805,33.4970087560102,8.376426236628951,2.6140896229898867,0.6384773051056465,0.16428899260789095,0.05214555090119072,0.050835931924652814,0.05292816304169037,0.022508686015420006,0.01558351651391865,0.018255694065266417,0.02710351766358793,0.010930205740324226,0.0035920214715478875,-52.91197916666667,12.704209541997624,54.415755798910546,-61.0,-128.0,4.0,-62.0,-47.0,0.8949123105963889,0.7601058062571386,128.0,2.352259894165434,2.418921445620102,2.461176674958858,1.028339364700087,1919,1,0.9341531058292063,0.9346398974424578,88.45110315798854,322.9540213886186,74.48823471573837,72.16303844548081,56.47949489703814,55.95836533652731,66.44387289461525,66.86553119583611,67.22052380400638,57.645181712793836,37.52163413716751,26.67217774817395,14.347513125762166,8.672773674928628,6.417713296879714,7.390276616053332,9.92034295609192,5.424858568855136,5.226710601991779,2.994076469140284,12.048958333333333,14.550476053126467,18.891631745299293,20.0,-42.0,38.0,3.0,21.0,-1.1755339097409587,-0.3387814074059041,42.0,2.223206578659812,2.3091460957466468,2.391430476565291,1.0386556592128875,446,1463,0.9846886788989893,0.98520180483901,24.378234993466826,154.24167714705862,63.901268123522385,21.915226754913707,10.878243574760775,6.4999549071309675,5.6552328885040986,4.500631122861399,4.427805852096716,4.214823980990916,3.9746337390634876,3.119256650426849,4.820002394237632,5.831688348104737,5.549237769013681,5.561407788358852,6.019156307004223,4.618308489614161,2.366791772728546,0.6841283762026218,12.9828125,26.426435172979836,29.443333639948676,-6.0,-42.0,110.0,-8.0,38.0,0.5171595516994197,-1.270643805616267,110.0,3.7359899971853814,4.85908201786968,5.821407302264743,1.3006143003273822,1048,872,0.9874982686673435,0.9880128586979154,190.81378660647925,626.4988587009346,76.42580760085816,79.15693777532394,41.84173673680922,37.36628463148121,53.47444435481889,44.0799392092339,38.24268840459387,40.452559380031346,38.16316267325235,16.325210382294934,10.903309963398664,8.81028515106122,7.851598689656358,6.3519814717997525,3.592093131627921,4.568821243247613,4.603068512106251,1.919946473770819
7,S05,Dataset_B,Baseline,11.112115258333331,0.7102236656807885,11.13478886892666,11.325703,9.63447,12.041321,10.575633250000001,11.741828,-0.5876127177023291,-1.0391695520205657,12.041321,1.0814143968898244,1.0836209586769376,1.0847522232792315,1.0020404396504006,0,240,0.9836001105416214,0.9877155921756866,0.3359829564282136,1.5104923815779556,0.6698383809954098,0.1542789225235856,0.06437133448535824,0.02527210450023632,0.010807803781889024,0.011706842595839284,0.0063254654249947275,0.0024913086501008454,0.0022415197044359774,0.0012519772948734562,0.0012773341928137313,0.000656312436052857,0.0008645161334265003,0.000950433478835597,0.0011162218228474678,0.0010925121322114479,0.0015080362697695285,0.0005329869992430249,33.434,0.018184252262648932,33.43400494506553,33.43,33.39,33.49,33.43,33.435,0.9260055730786301,1.843392299687741,33.49,1.0016747932235377,1.0016749413765405,1.001675012269363,1.0000001476061953,0,240,0.8677419354838593,0.871372654879189,0.00038872686517369006,0.001089939690911468,0.0017405180953499939,0.0006968468202681914,0.0006279166068539718,0.00037969696958709074,0.00024925521220014394,0.00019515816963085346,7.605918583176604e-05,9.390539150760602e-06,8.349815472353295e-06,3.88411104965416e-05,8.589415362818031e-05,6.936808854867675e-05,7.307884277249047e-05,7.267386214684194e-05,4.1736569538885076e-05,5.353936882644646e-05,4.910103630646341e-06,2.925754196072567e-06,0.003218750000000092,57.91365699448624,57.913657073932775,9.17,-294.29,340.06,-35.335,33.42,0.04510846110414066,4.8868433521075305,340.06,5.87184469299115,7.986340481322833,9.48096596521461,1.36010758075339,1694,2146,0.9836462494889234,0.9839024740915514,16237.20690409509,72923.399312005,19574.344766019854,2710.341672997473,305.71435263760816,43.04254030608697,6.225912139386022,1.9161105488299937,0.9822424222187225,0.3984942858622823,0.19928498451128385,0.106796241134948,0.07920815591159423,0.051224819743692106,0.015080539917189292,0.0060818405077058485,0.0030599388752824684,0.0030580122529358087,0.001263165030558964,0.00047820002489174906,-57.483333333333334,6.599931617389748,57.860977422899914,-59.0,-109.0,-8.0,-61.0,-56.0,2.9212171749142684,16.547294750987156,109.0,1.8838257636833886,1.8962017972926293,1.9044657676115808,1.0065696273615694,1920,0,0.8793150555625527,0.8797732708077649,53.463395735374064,251.4792431803765,38.9172994863584,28.3497200323494,31.957391478824313,22.629338364871487,33.002080228692186,17.09558429581427,14.782897661944391,21.849149109373013,12.319686621652082,6.677755526782115,7.15199804176731,6.779271620447742,4.684014096184996,5.83597116349433,6.629080345023987,4.059851662906837,3.842279466213887,1.4046494125098337,17.913020833333334,3.1633047889560166,18.19018450978439,18.0,5.0,38.0,15.0,20.0,0.3215392293652787,0.3738104613373414,38.0,2.089038731777,2.121361903854559,2.1380354625621414,1.0154727485037347,0,1920,0.9439128639722808,0.9444047414417818,8.942616526961913,26.726736475130263,20.49485001990775,12.611183109479068,9.6690888424124,3.7519550126347845,1.916358415462307,1.7503413918629966,1.7583647543204073,1.2479738599605432,1.0791832382424842,0.8522568150838552,0.6825867588357388,0.6575733537819872,0.4831744686346974,0.4114964489374335,0.4393588949499417,0.43352551830482156,0.39952473217641016,0.13230743524083338,14.03125,17.800575331343786,22.66575519000709,21.0,-42.0,110.0,-6.0,24.0,-0.29156135835507163,-0.08521257553570427,110.0,4.853136329645244,5.46895229931628,5.886544277469578,1.1268903087466289,612,1308,0.9835113238027425,0.984023836217439,86.04528563286553,368.95909515299996,61.96897448453426,49.09592752593069,34.48960462392832,31.372002773783414,19.99507175448595,22.06829906604283,18.632643440749348,15.140887935637618,12.638974268877924,8.498282921884083,6.892410119429935,7.048841485645767,6.208621328459142,3.4821789714057068,1.9216102625936253,3.106509931589016,2.405650014352492,0.7417259188036857
8,S05,Dataset_B,Baseline,12.012630241666667,0.40820049934270647,12.019563759242851,12.001262,11.133514,12.614588,11.737663,12.4211185,-0.31594335914620214,-0.8856699732293012,12.614588,1.0495046444430678,1.050110403443893,1.0504154707434241,1.0005771847989096,0,240,0.9805067006548859,0.9846092391513501,0.02046528510811131,0.2656442992206067,0.08348680218194537,0.06571896997615508,0.03673178911368014,0.013393065298711853,0.008545053931400513,0.006480572861411028,0.004788510561361613,0.0037336839606794854,0.002709424286311676,0.0021742625804920764,0.0014190774934945952,0.0009307883468180291,0.0008013201793494178,0.0007712561966228021,0.0007046014540792185,0.0004278861726237301,0.0005734680252728414,0.00044501327353365625,33.43033333333334,0.012378306418419645,33.43033562499784,33.43,33.39,33.45,33.43,33.43,-0.4323067173741615,1.0177283724948456,33.45,1.000588219191601,1.0005882877823769,1.0005883189187184,1.0000000682513237,0,240,0.8259578196760945,0.8294137101349901,8.551859126777988e-05,0.001324740585637698,0.0008406190597336136,0.00046763711198613816,0.00028791495003115033,0.00024875921245544466,8.609314301631772e-05,9.373083152151851e-05,4.74185203125143e-05,1.1211129142180331e-05,8.159578066890653e-06,2.652953412727314e-05,4.058698234376895e-05,2.6142615660599952e-05,4.5631847249629094e-05,3.545220292806653e-05,2.9947876933594276e-05,2.4063377158815433e-05,1.0627671670444598e-05,4.975906730623788e-07,-0.3965026041666665,57.8981137663588,57.89947142124334,11.92,-294.29,289.07,-41.912499999999994,40.5775,-0.2352136040148681,1.9974658027205994,294.29,5.082775243457527,6.378227390191299,7.332889571225234,1.254871026866603,1662,2178,0.9826447973419795,0.9829007610818445,18917.89690386866,70982.79405157303,18209.309744828977,3203.570127145845,290.12151020006604,34.131547668454616,3.583256295442123,1.349363332703704,0.8162640829584946,0.3569322668616201,0.19037035223277876,0.10335643229151914,0.07393367103938388,0.04595629334420858,0.013550111036178605,0.005682915047883071,0.0027315476067704607,0.0017771365429430088,0.00033765809438103127,6.96687127350463e-05,-57.235416666666666,2.1741367719637505,57.276695013475305,-56.0,-86.0,-41.0,-59.0,-56.0,-1.7791437672690877,27.81750551251602,86.0,1.501483281546748,1.5025661555995953,1.5030962803485208,1.0007212026959083,1920,0,0.8193217884593076,0.8197487409285411,0.8993726048040099,11.281062878189367,6.055828017277487,13.500789187899834,9.533709781603418,4.987057230280607,10.995585909849364,5.226838427463423,1.6966453645535422,4.703537206446781,3.2086963937758854,1.8005352637972016,0.4791048947943668,0.3928191113604322,0.8662435707425481,1.9236841377586962,1.230778091066016,0.5838242247823534,0.2705009109151347,0.096691716301285,14.848958333333334,1.8753052513577606,14.966907941633547,14.0,10.0,27.0,14.0,15.0,2.1700574825265666,6.194173829143239,27.0,1.8039798258432607,1.8183093639105035,1.824830377323436,1.0079432910762502,0,1920,0.9322478481479538,0.9327336469223926,1.554337061579748,7.293988890361159,8.894117461234792,4.282957388679107,4.714683863494707,2.0374476784214877,1.0759829585466754,0.9682041915234417,0.7011806676236277,0.29616332680148955,0.4853373784692602,0.48730687806302553,0.48481698131790124,0.32588189322719885,0.34412182750876114,0.2811404811959914,0.2315337380526044,0.2625437902041355,0.19787908559815753,0.10601174889650372,24.915104166666666,4.053750972275471,25.24272791320304,28.0,-12.0,37.0,21.0,28.0,-1.677491873320212,10.541141270533739,37.0,1.465768680491529,1.4825017210612903,1.491738602170218,1.011415880421767,5,1915,0.9677529567012143,0.9682572573560875,11.888820444756718,65.8932221416489,33.87516730827057,18.780251485984667,7.717018687678892,2.277153279615742,1.909367260506318,1.6386161995634179,1.2922870511930349,1.1489374551556566,0.9159653031302035,1.6841220939203427,1.7034865457554842,1.1398982581959274,0.48513694902687454,0.4137973227238041,0.6322135457178107,0.8201550211576945,0.4439064003759162,0.11217022045318391
9,S05,Dataset_B,Baseline,12.552413374999999,0.26305466073001976,12.555169424828549,12.571025,11.344318,13.286594,12.4262435,12.679932,-0.13442268346959232,2.2039807833213354,13.286594,1.0582568454347139,1.0584891998440187,1.058605668248229,1.0002195625449877,0,240,0.9364707951478343,0.9403890829936412,0.018255888408419935,0.08257646333162043,0.03356451401441642,0.010950304238748683,0.006228241005870809,0.005234623487942528,0.0026429171346801306,0.0015044919556257037,0.0021605464934317223,0.0013665934176081717,0.0007652636984374824,0.0005367815298321745,0.0003576755970930196,0.00045336370045240406,0.0003148473295823431,0.00022487104272061407,0.0002921008543045637,0.00015738868565604337,5.24524513883482e-05,6.352498309140852e-05,33.426333333333325,0.014828660946358265,33.42633662248976,33.43,33.39,33.45,33.41,33.43,-0.4289298756451772,0.12096543775176594,33.45,1.000707925842141,1.0007080243119575,1.0007080703892166,1.000000098100991,0,240,0.9177593902644519,0.9215993877132568,9.587358402932664e-05,0.0019136649037817938,0.000587731590385234,0.0003753669557442865,0.0001691787332566652,0.00018253148073838713,7.564456309031466e-05,4.4310316866737765e-05,3.8577845770704354e-05,1.458915090107199e-05,1.131382176739225e-05,2.389993606056986e-05,1.7074197181592526e-05,2.2600798252226476e-05,3.2724375150127916e-05,2.0100602862512797e-05,2.3142782996480448e-05,1.2104157097554886e-05,1.3708422181977918e-05,1.6588787174411942e-06,-0.022117187499999986,63.61867067399593,63.61867450854315,8.219999999999999,-296.39,257.12,-41.7975,44.0175,-0.35840236967961836,1.0654859375818138,296.39,4.658852172621267,5.895035575313263,6.879950220161242,1.2653407654851274,1764,2076,0.9865801946628417,0.9868371835127145,24196.35322066852,72765.64025814115,16564.52425421918,2989.124389011932,296.45161844491395,35.247153851535984,2.854961520397719,0.6232279125189851,0.21210051329739632,0.04565106771396479,0.00881172217495675,0.001494006998586397,0.00328701099037898,0.007054163831720299,0.004415690019764387,0.0038856315540682345,0.00238412288743378,0.002592391684729568,0.0003131923100802719,2.778366042030047e-05,-58.407291666666666,3.55386365842508,58.515311386565024,-56.0,-77.0,-47.0,-62.0,-56.0,-0.8694005010897123,-0.20644146204719283,77.0,1.3158949027573672,1.3183285475084099,1.319520903245299,1.001849421652631,1920,0,0.9501181574703709,0.9506132685477396,0.5199319850505814,6.9472430517989725,2.7590103096692062,2.403357074345254,3.4877635859852423,4.977713708548807,3.2834186001670593,2.5669754712247745,2.4561188845376125,2.065793248242882,1.3372210404821532,1.518229573206278,0.5591478397318596,0.4781663642867188,0.4288099435560386,0.5101335847968639,0.39673756487773854,0.21570512830156932,0.20817477451942737,0.10630079952110882,13.1609375,1.5071479637281944,13.246953266065875,14.0,4.0,22.0,12.0,14.0,-0.16501841691637897,4.213593408987909,22.0,1.6607592358424648,1.671613438122008,1.6773624187145042,1.0065356860786336,0,1920,0.885000687313186,0.8854618653680651,0.3987323001195917,3.0988639901822093,2.3863256547854075,2.258266297872216,3.7735566795772213,3.207867531252974,1.1091943299101625,0.6640530548070238,0.4957369958081906,0.45840405844282145,0.5272095290040822,0.4187310594473195,0.3330652283252256,0.24087587853640627,0.237034544106961,0.25532685007647143,0.21162398853631628,0.24151997821254795,0.23157151621345431,0.0945602828383927,21.5890625,9.653603889955598,23.64909485582905,28.0,0.0,37.0,15.0,28.0,-0.9838978673025753,-0.6935290091904047,37.0,1.5645419078368992,1.7138307873656713,1.862405930063933,1.0954201853311067,0,1915,0.9934321972504676,0.9939498794793629,4.381022064276521,55.47484293221287,10.394763276199534,5.979121709932224,3.377692673285769,3.003089129197632,2.1653016359669657,2.643057668958395,1.9669104249197233,1.6116425319632481,1.4581356252478812,1.4625106181297323,0.850325804942434,1.1214291172732616,0.9125144672967181,0.7234604370355866,0.5374006802124113,0.5907172492825403,0.42898597990315496,0.22732865140067207
