Subject,Baseline probability,Stress probability,Prediction margin,AUROC,PR-AUC
f11,,0.08815321,,,
S10,0.693565309047699,0.9204865,0.2269212007522583,1.0,1.0
S16,0.8638574481010437,0.6706582,-0.1931992769241333,0.22916666666666666,0.9343462781749814
S02,0.04801579937338829,0.05478137,0.006765570491552353,0.8478260869565217,0.9873188405797102
S06,0.04846782609820366,0.88662934,0.8381615281105042,1.0,0.9999999999999999
S11,,0.8328386,,,
f10,,0.12532844,,,
f06,,0.7655806,,,
f09,,0.7371053,,,
f15,,0.6221916,,,
S17,,0.12343469,,,
S03,0.22473891079425812,0.8765384,0.6517994999885559,0.9523809523809523,0.997835497835498
f02,,0.3177639,,,
S05,0.6960764527320862,0.77034223,0.07426577806472778,0.64,0.9834053122570284
f05,,0.6954025,,,
S08,,0.88199633,,,
S04,0.08327173441648483,0.9176194,0.834347665309906,1.0,0.9999999999999999
S18,0.12448646128177643,0.13041615,0.005929693579673767,0.15384615384615385,0.9455131197778255
f18,,0.26820567,,,
S13,0.05752100795507431,0.45269564,0.39517462253570557,0.8076923076923077,0.9924074074074074
f16,,0.81345606,,,
S14,0.07918894290924072,0.16370407,0.08451512455940247,0.4464285714285714,0.9571667128389817
S01,0.21225221455097198,0.84517115,0.6329189538955688,0.9569892473118279,0.996028836754643
S09,0.4862467348575592,0.47957295,-0.00667378306388855,0.36363636363636365,0.9598901132774069
S12,0.4294271767139435,0.73640186,0.3069746792316437,0.7407407407407407,0.9896114969303373
f04,,0.54532206,,,
f17,,0.8862051,,,
f14_b,,0.8864273,,,
f12,,0.05646955,,,
f03,,0.511435,,,
f13,,0.7182878,,,
f01,,0.92744786,,,
f08,,0.88457316,,,
S15,0.2002590447664261,0.922994,0.7227349877357483,1.0,0.9999999999999999
S07,,0.9181587,,,
