Subject,Baseline windows,Stress windows,Total windows,Subject AUROC,Protocol,Eligible for macro AUROC?
S01,5,31,36,0.9741935483870968,V1,True
S02,3,23,26,0.8695652173913043,V1,True
S03,3,21,24,0.9523809523809523,V1,True
S04,3,30,33,1.0,V1,True
S05,3,25,28,0.5,V1,True
S06,3,26,29,1.0,V1,True
S07,2,23,25,1.0,V1,True
S08,2,24,26,0.6458333333333334,V1,True
S09,3,22,25,0.5303030303030303,V1,True
S10,3,29,32,0.9310344827586208,V1,True
S11,2,25,27,1.0,V1,True
S12,3,27,30,0.808641975308642,V1,True
S13,3,26,29,0.6923076923076923,V1,True
S14,4,28,32,0.3482142857142857,V1,True
S15,3,26,29,1.0,V1,True
S16,3,24,27,0.8472222222222222,V1,True
S17,2,25,27,0.0,V1,True
S18,3,26,29,0.20512820512820512,V1,True
f01,1,78,79,1.0,V2,True
f02,0,50,50,,V2,False
f03,2,71,73,0.647887323943662,V2,True
f04,0,60,60,,V2,False
f05,0,60,60,,V2,False
f06,0,62,62,,V2,False
f08,0,57,57,,V2,False
f09,0,58,58,,V2,False
f10,0,59,59,,V2,False
f11,0,59,59,,V2,False
f12,0,59,59,,V2,False
f13,0,66,66,,V2,False
f14_b,0,49,49,,V2,False
f15,0,54,54,,V2,False
f16,0,57,57,,V2,False
f17,1,59,60,0.9830508474576272,V2,True
f18,0,50,50,,V2,False
