Feature,Cohens_D,Abs_Cohens_D,KS_Stat,KS_pvalue,WESAD_Mean,DatasetB_Mean
ACC_Z_min,-1.6182976738772565,1.6182976738772565,0.6014520745584436,2.2513275754038742e-156,-31.53363740022805,23.244897959183675
ACC_Z_mean,-1.474432990204251,1.474432990204251,0.5825820864263608,4.704964956799573e-146,9.128986720828582,44.226637436224486
ACC_Z_q1,-1.4669418689601585,1.4669418689601585,0.5919367975240267,4.0411872292623585e-151,2.8517673888255417,41.19948979591837
ACC_Z_median,-1.392214291054213,1.392214291054213,0.5567193353966444,1.3702962471956778e-132,9.62029646522235,44.880102040816325
ACC_Z_q3,-1.3008538952126183,1.3008538952126183,0.5239976264165872,1.128249923214063e-116,15.973774230330672,47.87984693877551
ACC_Z_rms,-1.2535403346904517,1.2535403346904517,0.4652246759593233,5.171866367213912e-91,29.275618241929656,47.17297826988381
ACC_Z_pos_count,-1.0206758670363612,1.0206758670363612,0.596850347892863,8.383846267704906e-154,1258.5222348916761,1836.9704081632653
ACC_Y_peak_val,1.0190096859494666,1.0190096859494666,0.46822074325739416,3.1081010686371615e-92,46.43785632839224,24.3265306122449
ACC_Z_neg_count,1.0027207757516325,1.0027207757516325,0.5981721080678566,1.5498229355881536e-154,644.9942987457241,79.84081632653061
ACC_Y_rms,0.9983809803027567,0.9983809803027567,0.4383624601493961,1.6775295375220926e-80,25.810832645387585,12.385046894566878
ACC_X_peak_val,0.9282503226795625,0.9282503226795625,0.39224513066343986,4.374294991032945e-64,77.15507411630558,52.51734693877551
ACC_Z_crest_factor,0.8828933332600607,0.8828933332600607,0.42875061084867244,6.503473915005513e-77,2.5180024533438137,1.4308194408182802
ACC_Z_impulse_factor,0.8132390499915092,0.8132390499915092,0.4398005724524702,4.772248698143548e-81,2.981050137995785,1.5128190558971635
ACC_Z_acf1,0.7613670897565388,0.7613670897565388,0.27762315872757315,6.461252151271758e-32,0.913224243402267,0.7023868126108136
ACC_Z_pacf1,0.7613670897565381,0.7613670897565381,0.27762315872757315,6.461252151271758e-32,0.9137001288860618,0.7027528297096208
ACC_X_rms,0.7356973874237203,0.7356973874237203,0.28947827705768736,1.079224570944621e-34,43.83252268516505,32.9779170564164
ACC_Z_clearance_factor,0.7266799907365686,0.7266799907365686,0.445923021432062,2.1640975406431437e-83,3.3836075976890627,1.6039057410092703
ACC_X_max,0.7003359863110155,0.7003359863110155,0.35218276592278874,1.7331131385234204e-51,48.247434435575826,17.472448979591835
ACC_Y_pacf1,0.6980794957159795,0.6980794957159795,0.28468456938077397,1.494596035328362e-33,0.8969516557509293,0.7184187229033305
ACC_Y_acf1,0.6980794957159794,0.6980794957159794,0.28468456938077397,1.494596035328362e-33,0.8964844934302256,0.7180445464851517
ACC_Z_std,0.6929931656604951,0.6929931656604951,0.3514392758243548,2.896261193023765e-51,11.375627687892548,5.708328316249888
ACC_Z_psd_1,0.6892155588803759,0.6892155588803759,0.3957961976124543,2.762599855971142e-65,687.3980287869346,136.80509778619367
ACC_Z_shape_factor,0.6818254879184238,0.6818254879184238,0.46793335350103554,4.067271087203265e-92,1.1192292207431498,1.0312512053949372
ACC_Z_psd_0,0.6500220476030164,0.6500220476030164,0.3866741907709492,2.9777938631036654e-62,197.30550142291136,43.89929023769181
BVP_shape_factor,0.639356436311042,0.639356436311042,0.3587019756591348,1.957718551359887e-53,1.5324896704010946,1.3565478675115856
ACC_Y_min,-0.5990910484647092,0.5990910484647092,0.36370162660275057,5.83012708086078e-55,-28.696693272519955,-13.48265306122449
ACC_Z_psd_2,0.5733672591953995,0.5733672591953995,0.37678193284155165,4.710269749962497e-59,198.85758012995524,27.763678769170173
BVP_median,-0.5711844197774315,0.5711844197774315,0.22264910525213505,1.3378125643744543e-20,3.6356556442417336,5.789204081632653
ACC_X_psd_11,0.5474564081530598,0.5474564081530598,0.2732995136481046,6.253108696395979e-31,16.370725076653976,3.978029085071575
ACC_Z_psd_11,0.5268144811669929,0.5268144811669929,0.2720568729202057,1.1904156567593227e-30,11.57503130732177,2.572992758398538
ACC_X_psd_13,0.5208804135991169,0.5208804135991169,0.255949084308752,3.846404139496858e-27,10.425417156431774,2.99152128483736
ACC_X_psd_12,0.5172754546413999,0.5172754546413999,0.27006027040234565,3.3279416359196654e-30,13.68543905508645,3.6060917081652764
ACC_Y_psd_1,0.5167325026329487,0.5167325026329487,0.35690084471644984,6.838001011252033e-53,246.1778340810386,62.01508558783388
ACC_X_psd_10,0.5139315886949717,0.5139315886949717,0.25728480673911525,1.99116012940543e-27,17.52585788546214,4.608441627896095
ACC_X_psd_14,0.5132619316717301,0.5132619316717301,0.23478812277476555,7.098632643967961e-23,8.212951657924581,2.5056181324386553
ACC_Z_psd_10,0.5094432283628195,0.5094432283628195,0.2755730342307961,1.923708190672852e-31,12.880827148931768,3.0396016748497847
ACC_Y_std,0.5091639733901996,0.5091639733901996,0.31889907616410307,3.9491586367380054e-42,7.572376589581487,4.113309517423132
ACC_X_psd_2,0.5085757658196542,0.5085757658196542,0.2958066693039816,3.1159507791125e-36,146.7806982215634,35.25761641743618
ACC_X_q3,0.5083041907714356,0.5083041907714356,0.3410129616270682,3.0708858155610303e-48,19.51453819840365,-0.3948979591836735
ACC_Z_psd_12,0.5022888934433889,0.5022888934433889,0.26022618853698837,4.699713065488124e-28,10.027244676991701,2.322244583420379
ACC_X_psd_15,0.5018439782074073,0.5018439782074073,0.2240395131826961,7.450312226227627e-21,6.8306438607311035,2.0475596151167097
ACC_X_mean,0.5016662592004429,0.5016662592004429,0.33608893956670466,7.645529538005367e-47,15.369304684530595,-4.006606079931973
ACC_X_psd_18,0.49987449654033245,0.49987449654033245,0.2385509505968864,1.316859499114651e-23,5.223212894188326,1.5065094507937367
ACC_X_median,0.49870875778717283,0.49870875778717283,0.3351267074674796,1.423825258098684e-46,15.58266818700114,-4.0688775510204085
ACC_X_q1,0.48987046865217754,0.48987046865217754,0.3290694156796128,6.874240679134091e-45,11.533067274800455,-7.7931122448979595
BVP_pos_count,-0.4896660202682043,0.4896660202682043,0.25557559397761387,4.6329080320375934e-27,2082.100342075257,2131.065306122449
BVP_neg_count,0.4878083732885108,0.4878083732885108,0.25527773252972796,5.3537237468382004e-27,1757.1641961231471,1708.4142857142858
ACC_X_psd_9,0.48608551695978935,0.48608551695978935,0.2517988039001233,2.8481202430310516e-26,20.34599233736819,5.359201297257469
ACC_Y_psd_2,0.48485072735869383,0.48485072735869383,0.34296069625113446,8.638662396957395e-49,75.35987209577526,16.097840292248993
ACC_X_psd_16,0.4845553479632338,0.4845553479632338,0.23811579363786564,1.6180056184581716e-23,5.695699012673645,1.8330078450294929
ACC_X_psd_17,0.48247527990587624,0.48247527990587624,0.24958345938147208,8.13717711913581e-26,5.422953672608912,1.6759714267527723
ACC_X_psd_7,0.4793597856369552,0.4793597856369552,0.2297326228096712,6.498241263853264e-22,27.011510112784276,7.0519452080604905
ACC_Z_psd_9,0.4771685866801491,0.4771685866801491,0.2541747143555256,9.033195371650077e-27,14.344862619962504,3.7369848006907738
ACC_Z_psd_13,0.4735548160983881,0.4735548160983881,0.24779280013031438,1.875335443274125e-25,7.74275071051573,1.9314414594819322
ACC_Y_psd_0,0.47259097540039335,0.47259097540039335,0.3582051520722314,2.7871481863154828e-53,73.37439119509223,18.009444895746196
ACC_X_psd_8,0.4682424564123148,0.4682424564123148,0.23821818351057641,1.5383664175126345e-23,22.880309961714225,6.181550417536547
ACC_X_psd_19,0.4677859656985097,0.4677859656985097,0.22795592581388313,1.4108293695402066e-21,2.6177040750047236,0.7584620431409167
ACC_X_psd_1,0.46760211957423164,0.46760211957423164,0.26359225560235494,8.832548522683585e-29,326.24278091407166,137.19330018440883
ACC_X_psd_5,0.46739847412432417,0.46739847412432417,0.26345146952737764,9.542709890997511e-29,51.405710822645176,10.215032530396872
ACC_X_psd_3,0.4666096583111955,0.4666096583111955,0.3005387103530124,2.126652247040162e-37,111.33101999226498,18.67252074044509
ACC_Z_psd_14,0.46586587522432593,0.46586587522432593,0.24420100993647173,9.963316321533368e-25,6.083360183345562,1.5357398473014783
ACC_X_psd_6,0.460582102390475,0.460582102390475,0.23495799688176297,6.55982753686939e-23,35.752115216998185,8.343896382007175
ACC_Z_max,-0.4567327115854365,0.4567327115854365,0.29241733181299884,2.1080926497686825e-35,47.40592930444698,61.64591836734694
ACC_X_psd_4,0.4563284235636071,0.4563284235636071,0.30180578502780814,1.0159607472697392e-37,81.6015692190664,12.923276413882592
ACC_Z_psd_8,0.45517670566120905,0.45517670566120905,0.2583726991366672,1.1727586833603774e-27,16.418657714237366,4.165404971659465
ACC_Z_psd_4,0.4545145219944272,0.4545145219944272,0.30802015218858353,2.7111325825782504e-39,69.50951064137568,9.59297193419826
ACC_Z_psd_15,0.4538686509443844,0.4538686509443844,0.22340888464850023,9.816039952244067e-21,4.842834811461015,1.3266752550324927
ACC_Z_psd_18,0.4518433023859232,0.4518433023859232,0.22798734088846484,1.3846965914905738e-21,3.6986293888894073,0.9727366222044688
ACC_Z_psd_3,0.45150101106373586,0.45150101106373586,0.3327915202569055,6.417183479777268e-46,115.5144614621274,13.805505169473804
ACC_Z_psd_17,0.4491521969646044,0.4491521969646044,0.2280013031438345,1.3753497845948807e-21,3.7876752957017983,1.0295313903679972
ACC_Z_psd_6,0.4489628884133335,0.4489628884133335,0.28622158099271633,6.396223223026315e-34,27.319069536815316,5.445279484189023
BVP_clearance_factor,0.44753404416686765,0.44753404416686765,0.32668536057524494,3.1259472822747457e-44,13.579629094564671,9.723340511239606
ACC_Z_psd_19,0.44288549698570134,0.44288549698570134,0.23335001047169152,1.3421435642938175e-22,1.7821102244203146,0.4827903409852798
ACC_Z_psd_7,0.44083377566466764,0.44083377566466764,0.2777022781746678,6.226854754688979e-32,19.958883506255834,4.831676298375353
BVP_impulse_factor,0.44039427471138043,0.44039427471138043,0.3147930095641449,4.730348625433952e-41,10.157408368262724,7.776680041005246
ACC_Z_psd_5,0.4390587655481103,0.4390587655481103,0.292351011099993,2.1799377555532335e-35,40.57956588804198,7.202304233620321
ACC_Y_psd_5,0.4378976890461389,0.4378976890461389,0.2914027412561376,3.7220299887209757e-35,12.54903944105248,2.999348456378669
ACC_Y_psd_6,0.43778746035922567,0.43778746035922567,0.25557559397761387,4.6329080320375934e-27,6.752087057356678,2.01888455828647
EDA_std,-0.43562328071291684,0.43562328071291684,0.1839445698461825,3.592332312081615e-14,0.06581722847612641,0.14045988846228957
ACC_Y_psd_4,0.43011188502074676,0.43011188502074676,0.3137353687198939,9.066756857110629e-41,23.641991615471735,4.5997401398032185
ACC_Z_psd_16,0.42976136420065003,0.42976136420065003,0.23020966653480093,5.291147667808022e-22,3.9998589289132407,1.1543347015678929
ACC_X_pos_count,0.42403517638681093,0.42403517638681093,0.2389616736090103,1.1018702094125392e-23,1265.3112884834663,881.1979591836734
ACC_Y_psd_3,0.41923099648019174,0.41923099648019174,0.33713610871942845,3.9413375807405865e-47,42.24109545701154,8.204839231530821
ACC_X_neg_count,-0.4155608983954898,0.4155608983954898,0.22809671188886044,1.3304574168999953e-21,651.7901938426454,1028.7316326530613
BVP_crest_factor,0.41441265431244506,0.41441265431244506,0.28759802666790774,3.005550727230756e-34,6.349711914873903,5.371679590420737
ACC_Y_psd_7,0.3964635768420218,0.3964635768420218,0.2288495101575408,9.570311568307129e-22,4.688770239939906,1.5894460730945017
BVP_max,0.3936005686482272,0.3936005686482272,0.23451702231633817,8.064115737827507e-23,277.592976054732,196.984
ACC_Y_psd_8,0.3855457285962091,0.3855457285962091,0.19153305563958764,2.4939374110637305e-15,3.5843190866761683,1.3280220003179026
ACC_Y_q1,-0.3785528187752295,0.3785528187752295,0.35603867544737394,1.2436657351632132e-52,-10.722348916761687,-2.1729591836734694
ACC_X_psd_0,0.37617329818281575,0.37617329818281575,0.23635305889744723,3.5438271133947696e-23,85.905928953166,40.35423345738147
BVP_peak_val,0.3726962733482617,0.3726962733482617,0.21008889302585343,2.259533001218014e-18,336.82822120866587,246.44761224489795
BVP_min,-0.36799381565793227,0.36799381565793227,0.19519000302515532,6.601123966923382e-16,-308.14251995438997,-224.60540816326534
ACC_Y_psd_10,0.35030604432987933,0.35030604432987933,0.210353012356596,2.0187150859682024e-18,2.6608600297219893,1.0365624273800131
BVP_psd_12,0.32398873232137954,0.32398873232137954,0.2900681823470551,7.744502137747412e-35,0.021457506344047573,0.005215710311255712
BVP_acf1,0.3190400029651296,0.3190400029651296,0.20330905452260722,3.1536462747323886e-17,0.9888619714650214,0.9876632468158217
BVP_pacf1,0.31904000296512663,0.31904000296512663,0.20330905452260722,3.1536462747323886e-17,0.9891195546823867,0.9879205177839947
ACC_Y_psd_11,0.31705331651291146,0.31705331651291146,0.2048193051450911,1.757523652231808e-17,2.3579855196670616,1.011074097696919
ACC_Y_psd_9,0.31361602734124944,0.31361602734124944,0.19676192027552183,3.7043406780455064e-16,2.951129572018485,1.235326139640263
ACC_Y_neg_count,0.31343244979329304,0.31343244979329304,0.16231819979987433,4.0306420627360824e-11,1148.6659064994299,876.8306122448979
TEMP_min,0.31113956275771376,0.31113956275771376,0.24924720173131967,9.446354619412674e-26,33.03442417331813,32.52522448979592
TEMP_q1,0.3103980702812358,0.3103980702812358,0.25098666604612196,4.1415827926037246e-26,33.07264538198404,32.5638112244898
TEMP_mean,0.30946564421364314,0.30946564421364314,0.24984641519093384,7.113687602592586e-26,33.09853373242113,32.590177210884356
TEMP_rms,0.3094590763285302,0.3094590763285302,0.24984641519093384,7.113687602592586e-26,33.09856259234837,32.59021348691756
TEMP_median,0.309186828901367,0.309186828901367,0.25086682335419913,4.3847160575026213e-26,33.09846636259977,32.59039285714286
TEMP_q3,0.3091334213633888,0.3091334213633888,0.24882600702766855,1.1517439848274603e-25,33.12466647662486,32.61568622448979
BVP_psd_11,0.30905360292276224,0.30905360292276224,0.2795150443301608,2.3958306554024617e-32,0.032856493688738726,0.009094404403500702
EDA_psd_1,-0.30808816927031196,0.30808816927031196,0.12704837921485584,5.60071297063917e-07,0.08370644884784006,0.2799613771603602
TEMP_max,0.3079246348221886,0.3079246348221886,0.24996625788285667,6.72086245665566e-26,33.162873432155074,32.65458163265306
TEMP_peak_val,0.3079246348221886,0.3079246348221886,0.24996625788285667,6.72086245665566e-26,33.162873432155074,32.65458163265306
BVP_psd_13,0.30383539324528075,0.30383539324528075,0.2929478975170456,1.5588472929435653e-35,0.018582163331945435,0.004491041740336644
BVP_rms,0.30075105480215597,0.30075105480215597,0.13786563656249273,3.8588043871539204e-08,53.34593933043588,43.12347070364043
BVP_std,0.30073368097777303,0.30073368097777303,0.13786563656249273,3.8588043871539204e-08,53.344235946075,43.12262309476047
EDA_max,-0.29719453968511345,0.29719453968511345,0.10824238475321714,3.485307367316598e-05,2.2274985051311287,3.7624766510204086
EDA_peak_val,-0.29719453968511345,0.29719453968511345,0.10824238475321714,3.485307367316598e-05,2.2274985051311287,3.7624766510204086
ACC_Y_psd_13,0.2958020095790093,0.2958020095790093,0.1825146021920741,5.888499737355067e-14,1.8712079172066594,0.8663442338750195
BVP_psd_6,0.2953599978652968,0.2953599978652968,0.24750191981011332,2.1440522440315553e-25,9.896408888466489,3.291306674490644
BVP_psd_14,0.28957301400122926,0.28957301400122926,0.29247201731319666,2.0386428331329442e-35,0.007110662404008476,0.0019208848304299614
ACC_Y_median,-0.28880348962064123,0.28880348962064123,0.3096548995881135,1.037279696614804e-39,-6.453249714937286,0.11377551020408164
EDA_crest_factor,-0.2887381804123624,0.2887381804123624,0.19470365112977916,7.872707874858491e-16,1.0846631471382355,1.1485453707867956
ACC_Y_psd_14,0.2857019496388125,0.2857019496388125,0.16089055918832756,6.189784231500887e-11,1.617551845025355,0.784203442627354
EDA_impulse_factor,-0.283742727139809,0.283742727139809,0.19470365112977916,7.872707874858491e-16,1.0863495706846178,1.1631151463404918
EDA_q3,-0.28355105004255104,0.28355105004255104,0.09611500244339469,0.00035182807454035804,2.1191854010832385,3.537352213775511
ACC_Y_pos_count,-0.2830529857342268,0.2830529857342268,0.14712842947897517,3.276859896877638e-09,741.6613454960092,985.6714285714286
ACC_Y_mean,-0.28107215370617533,0.28107215370617533,0.31299653270658323,1.398557635468939e-40,-6.096529361459522,0.04257599914965966
BVP_psd_10,0.27960521187671666,0.27960521187671666,0.28442161357131224,1.703281397111508e-33,0.07189426250360827,0.02432442930367459
BVP_psd_5,0.27950277174290095,0.27950277174290095,0.13922579293975287,2.7090933600040846e-08,66.95351748236841,21.401628387431852
EDA_rms,-0.27882837992692894,0.27882837992692894,0.09677588253089149,0.00031238781571833214,2.0752169928071256,3.443925290218128
EDA_mean,-0.2782740907855379,0.2782740907855379,0.09677588253089149,0.00031238781571833214,2.0732160954342453,3.4386705393324823
BVP_psd_15,0.27747111225785714,0.27747111225785714,0.2970295301701068,1.5632912167144266e-36,0.0050861298853770425,0.0015334736002749934
EDA_median,-0.27719056073072024,0.27719056073072024,0.0988166988574221,0.0002152858784755494,2.0718757822120866,3.4326590275510203
EDA_clearance_factor,-0.2760180078631904,0.2760180078631904,0.19608358736881298,4.742583850094376e-16,1.0872808994558163,1.1749495719848622
EDA_q1,-0.27102255883608695,0.27102255883608695,0.09899820817722756,0.00020818900417417558,2.027638588654504,3.334672917091837
ACC_Y_psd_12,0.26893660406556585,0.26893660406556585,0.18993786796360507,4.388347102431866e-15,2.1811131677060493,0.9873239101635111
BVP_psd_9,0.26614999313273036,0.26614999313273036,0.293670444232425,1.0413963947256583e-35,0.23173630388702662,0.08337437624505173
EDA_min,-0.26595382778720933,0.26595382778720933,0.09527610359993484,0.0004086495006000157,1.924412741163056,3.149456409183674
BVP_psd_7,0.2611503040575844,0.2611503040575844,0.2985874851651037,6.431059734869462e-37,2.0881121662888256,0.7645598816475432
ACC_Z_kurtosis,-0.2602869490326296,0.2602869490326296,0.12052218835082494,2.534922139075705e-06,8.150402093162645,25.316320694248777
BVP_psd_3,0.25947868022869724,0.25947868022869724,0.10404323645079469,8.002603199075043e-05,2136.177375510843,1007.469628947266
BVP_psd_8,0.25720763226271526,0.25720763226271526,0.3017138668466246,1.0722985945761506e-37,0.6752588956074305,0.25172190115517395
BVP_kurtosis,0.25186473578280055,0.25186473578280055,0.3305854839085007,2.651061907920543e-45,8.750963726187171,5.832592506333297
EDA_psd_2,-0.2510119199799942,0.2510119199799942,0.12164498638680102,1.9639855264889735e-06,0.03403685485903106,0.08835515246585199
BVP_psd_16,0.24604766385064253,0.24604766385064253,0.30657273171526306,6.328794368362442e-39,0.005046335407810132,0.0015917965845203032
BVP_psd_2,0.24599054015253052,0.24599054015253052,0.09553207828171177,0.0003902746048119503,12263.385770252682,7492.256649314334
BVP_psd_4,0.24594887222297393,0.24594887222297393,0.10968631466269518,2.597357528898912e-05,423.6511909772451,162.57719369942652
EDA_psd_0,-0.23787919385791734,0.23787919385791734,0.11989854094431387,2.9120022581892697e-06,0.0207653045458397,0.058211739209448804
BVP_psd_1,0.23657262929396358,0.23657262929396358,0.09813487538687082,0.0002439778347607471,79052.22359086764,51836.43465079226
ACC_X_std,0.23403581613068802,0.23403581613068802,0.2235694505852512,9.12057365425258e-21,7.524398967818237,5.990653678565579
BVP_psd_0,0.2330567866849656,0.2330567866849656,0.09360528704069998,0.0005484111788146959,24802.359296673727,16525.825764116064
BVP_psd_17,0.23258250961275084,0.23258250961275084,0.30603169431968913,8.687807977263675e-39,0.008580276614621624,0.0031446945310062216
ACC_X_acf1,0.22257139651588273,0.22257139651588273,0.09678519070113792,0.0003117310782723021,0.835222017463392,0.7820904289538405
ACC_X_pacf1,0.22257139651588234,0.22257139651588234,0.09678519070113792,0.0003117310782723021,0.8356572556173593,0.7824979799850827
ACC_Y_max,0.22087759357620226,0.22087759357620226,0.20208735717776277,5.0167928244928576e-17,19.65678449258837,13.112244897959183
ACC_Y_psd_15,0.2188064203130975,0.2188064203130975,0.1512368231214949,1.0377376587263829e-09,1.513021612207789,0.7783925715786697
ACC_X_shape_factor,-0.21660889967323588,0.21660889967323588,0.11714215903008866,5.3583848835047644e-06,1.0309454517609264,1.0510635007257112
EDA_shape_factor,-0.2113707297571773,0.2113707297571773,0.22599771949828962,3.266939851235656e-21,1.0011794541314252,1.0075513050277976
BVP_psd_18,0.20943859273180326,0.20943859273180326,0.3139517836781235,7.851529887259358e-41,0.003868089263846139,0.001470643728053767
EDA_psd_3,-0.20809449165842459,0.20809449165842459,0.13459148767830964,8.876236275235544e-08,0.013895908496962036,0.032064295296017474
ACC_Y_psd_18,0.20466790219737133,0.20466790219737133,0.15573965047820726,2.847922961113182e-10,1.4043495353234638,0.7414528628516277
ACC_Y_psd_19,0.2011942410873258,0.2011942410873258,0.1491727363693482,1.8589408712075753e-09,0.7133924323342119,0.37347140944685314
ACC_Y_psd_17,0.19443515422876706,0.19443515422876706,0.1550182672841086,3.5128148442767404e-10,1.397333869586108,0.7481973690116236
ACC_Y_q3,-0.1873822733789892,0.1873822733789892,0.25526842435948155,5.3608160174608416e-27,-1.9558152793614596,2.4204081632653063
ACC_Y_psd_16,0.17946603006400064,0.17946603006400064,0.1569660019081749,1.997874147578358e-10,1.3869691666719632,0.7847751607017163
BVP_psd_19,0.1784402510655235,0.1784402510655235,0.30915807600121004,1.3815804974008101e-39,0.0016218718728594852,0.0006775951929654912
EDA_acf1,0.14751461629586202,0.14751461629586202,0.16620087031391803,1.2219821609999725e-11,0.8665214560282173,0.8325752569436025
EDA_pacf1,0.14751461629586118,0.14751461629586118,0.16620087031391803,1.2219821609999725e-11,0.8701470688149462,0.8360588354245382
EDA_psd_4,-0.1425566656723125,0.1425566656723125,0.13200265282852022,1.692760214420803e-07,0.007760592577128168,0.013962500513630866
ACC_Y_kurtosis,-0.14025808967482342,0.14025808967482342,0.06477322970237126,0.03880930428020313,12.947176566975418,28.226609829210318
EDA_kurtosis,-0.13799871919168782,0.13799871919168782,0.10372675866241593,8.516148659308732e-05,1.928896721122676,3.856018619158206
BVP_q1,0.13700505591703288,0.13700505591703288,0.11492099690503339,8.67102619843141e-06,-22.761610604332954,-25.009869897959184
ACC_X_min,0.13496155308318042,0.13496155308318042,0.1608428548158146,6.280629262946199e-11,-18.812998859749143,-25.00408163265306
TEMP_psd_18,-0.13147896444656573,0.13147896444656573,0.04861890023968538,0.21451638938684278,1.3146429312859237e-05,1.5077740490723357e-05
ACC_Y_crest_factor,-0.1196022372150883,0.1196022372150883,0.07021734577525424,0.019550472005859642,2.270412216153838,2.5003125036788862
TEMP_psd_11,-0.11888753469871027,0.11888753469871027,0.07277592907174273,0.013897303151687093,3.4425062166124885e-05,3.696482185683202e-05
TEMP_psd_8,-0.11646218283033458,0.11646218283033458,0.07295394782770577,0.013564729597581197,6.124511271733357e-05,6.544563193648394e-05
TEMP_psd_1,-0.11638954968577062,0.11638954968577062,0.030652968142787333,0.7609556784788839,0.002503518630327848,0.0031629407307048767
TEMP_psd_9,-0.11506749281766,0.11506749281766,0.02416866404486538,0.9413715943936314,2.0163071812507628e-05,2.613551317541601e-05
BVP_q3,-0.11505318156179359,0.11505318156179359,0.14301654527261304,9.967294672342173e-09,23.74240307867731,25.772780612244897
TEMP_psd_10,-0.1109817287361536,0.1109817287361536,0.03408186535731739,0.6382374283822998,1.7310666919553205e-05,2.2591386829462723e-05
TEMP_psd_2,-0.10921067116256669,0.10921067116256669,0.06634165638889536,0.03203266929607096,0.0012416797232262314,0.0013106847233280198
TEMP_psd_0,-0.10424778249967925,0.10424778249967925,0.105562795243525,5.946081833487509e-05,0.00041172189102549247,0.0005963425350149541
TEMP_psd_17,-0.09983971531548043,0.09983971531548043,0.050456100342075254,0.1810466342906768,3.471791632651873e-05,3.6333350424698176e-05
ACC_X_clearance_factor,-0.09772576869092668,0.09772576869092668,0.15177087938938402,8.917532526610019e-10,2.0033566117579262,2.183406932722699
EDA_psd_16,-0.0931358629004694,0.0931358629004694,0.08455076443348149,0.0024685589480087857,0.0003289489908180936,0.0006206083379364165
TEMP_psd_19,-0.0830620104477475,0.0830620104477475,0.04803946664184488,0.22601680835194576,6.060944592445825e-06,7.980872826457204e-06
EDA_psd_13,-0.08255343368800826,0.08255343368800826,0.09841528401554464,0.00023165186462145642,0.0004894032125240714,0.000731278451770271
ACC_Z_peak_val,-0.08065633346732463,0.08065633346732463,0.15557326693505225,2.9973019176119023e-10,60.94526795895097,62.83469387755102
EDA_psd_19,-0.0799647419283395,0.0799647419283395,0.09943336513624834,0.00019200869784839753,0.00014186614042110767,0.00022645718795256234
EDA_pos_count,0.07930493619941564,0.07930493619941564,0.004081632653061225,1.0,240.0,239.9765306122449
ACC_X_impulse_factor,-0.07782237593045573,0.07782237593045573,0.15408628673818445,4.6182158409762623e-10,1.9191304675458687,2.0232959673106925
EDA_psd_14,-0.07558340808400316,0.07558340808400316,0.09487817932189979,0.0004383482834122745,0.00039867427590879035,0.0005616777420519523
ACC_Y_impulse_factor,-0.07217244897213784,0.07217244897213784,0.08151397389058246,0.003951302235768611,2.7978820183437962,3.09283142331096
EDA_psd_18,-0.07178858453120404,0.07178858453120404,0.12157401158867195,1.997310212151922e-06,0.00031400579650778053,0.0005055356103273218
TEMP_psd_15,-0.07116345551076284,0.07116345551076284,0.06195518116026342,0.05416327141119638,8.651966899031025e-05,8.926165703252882e-05
EDA_psd_17,-0.07037938472883731,0.07037938472883731,0.17991064156563424,1.425733713341223e-13,0.0003219713097577506,0.000466746391647627
TEMP_psd_14,-0.0695273439019533,0.0695273439019533,0.05547320410490308,0.11024169690103595,9.66590955108182e-05,0.00010018073916280886
TEMP_shape_factor,-0.06799582775039908,0.06799582775039908,0.06017964768575617,0.06631759974364528,1.0000008674242638,1.0000010906516161
TEMP_psd_5,-0.06754850380540964,0.06754850380540964,0.05224094198682894,0.15258621255982424,0.000515272610701257,0.0005341688292303845
TEMP_psd_12,-0.06699992641423563,0.06699992641423563,0.04968933981802527,0.19449039790260236,6.521034324894199e-05,6.713716772254133e-05
ACC_X_kurtosis,0.06656967436615585,0.06656967436615585,0.10191515602820375,0.00012050633772202752,11.802499469198441,10.142381808654648
TEMP_psd_4,-0.06370269003569798,0.06370269003569798,0.05775021525143695,0.08665633748840013,0.0007452071461034781,0.0007657984789813115
TEMP_psd_7,-0.05735788317691939,0.05735788317691939,0.044477928001303145,0.3069394855949828,0.0001594966666519716,0.0001634785183256116
EDA_psd_15,-0.0572443405481109,0.0572443405481109,0.10658669397063272,4.8555661777133735e-05,0.00038912537687358706,0.00051599313212579
ACC_X_skewness,-0.05683324164232397,0.05683324164232397,0.06543760035371048,0.035799075630606254,-0.04956156665929734,0.0694581168858304
TEMP_skewness,-0.054150613873467424,0.054150613873467424,0.03800642263747004,0.4996042691896254,-0.00865992537696584,0.015836211744307785
EDA_psd_12,-0.05267816441722961,0.05267816441722961,0.10471924231494194,7.014956983583411e-05,0.0005964412832078012,0.0007637254733201455
EDA_psd_11,-0.03974839598677229,0.03974839598677229,0.06708398296604845,0.029208671352074316,0.0006833136898886665,0.0008207816144682906
ACC_Y_shape_factor,-0.031874176365450015,0.031874176365450015,0.10282270262723105,0.00010135621475157413,1.113044631884104,1.1206124784824494
EDA_psd_5,-0.030458187930192282,0.030458187930192282,0.10631442999092454,5.1280595029965625e-05,0.005292321563435223,0.006059808033225209
TEMP_psd_6,-0.0231812176966519,0.0231812176966519,0.058643799595094595,0.07863915136699895,0.0003134432631371665,0.0003167571104465437
EDA_skewness,-0.020818847298297295,0.020818847298297295,0.1193831010169176,3.2709562512369057e-06,0.18647121775750458,0.2190263398472947
TEMP_psd_13,-0.01847455101458362,0.01847455101458362,0.05511367602913457,0.11441129919397827,8.942383181420016e-05,9.017240912607048e-05
ACC_Y_skewness,0.018464050493986212,0.018464050493986212,0.11115002443394689,1.9214644909210462e-05,0.3012718620642617,0.23219683185993084
TEMP_std,-0.017601621203571432,0.017601621203571432,0.04259651409024271,0.35698830114169194,0.03380284367176777,0.03436610509425581
EDA_psd_6,-0.016296895528535544,0.016296895528535544,0.07661671281967747,0.008136056685742693,0.0029891527790490567,0.003193748796261527
TEMP_clearance_factor,-0.01586720438802176,0.01586720438802176,0.034990575477625484,0.6053869991081281,1.0019424021455157,1.0019675086194626
TEMP_impulse_factor,-0.015808677581277745,0.015808677581277745,0.034990575477625484,0.6053869991081281,1.0019419694362097,1.0019669624643315
TEMP_crest_factor,-0.015691300593761722,0.015691300593761722,0.03397016731436018,0.6423166106559373,1.001941097632991,1.001965863721276
ACC_X_crest_factor,-0.014344548965522593,0.014344548965522593,0.1619482000325786,4.516518352937221e-11,1.8343733286034727,1.848351369526132
BVP_mean,0.013780964835557486,0.013780964835557486,0.05194075349638145,0.15709122680142873,-0.0014009525845685644,-0.007319842155612244
EDA_psd_9,0.012041495999858084,0.012041495999858084,0.07685639820352315,0.007861580634153117,0.0012869088426314425,0.001219805965817218
EDA_psd_8,0.011463771622180879,0.011463771622180879,0.061317571498382704,0.058293502899154914,0.0016371303289661034,0.0015511498416357135
ACC_Y_clearance_factor,0.010918048110449496,0.010918048110449496,0.08511623577595234,0.002257496453873718,4.534717807972725,4.231197648464857
EDA_psd_10,0.008929631392032305,0.008929631392032305,0.10266446373304168,0.00010441975831581226,0.0009575228580088024,0.0009221422806406705
ACC_Z_skewness,-0.00886755760787193,0.00886755760787193,0.05757452353803551,0.08830059002441278,-0.4296599326447694,-0.4033162155467349
TEMP_kurtosis,-0.008243326058441358,0.008243326058441358,0.034483280199194846,0.6237101228911699,-0.4143950352915356,-0.40778922613021623
TEMP_psd_3,-0.007076638562657036,0.007076638562657036,0.032906708863705114,0.6809451355051158,0.0009847738273590216,0.0009880254386367487
TEMP_psd_16,-0.005473520597003956,0.005473520597003956,0.033981802527168224,0.6419377458469464,6.277038295297133e-05,6.292955597808203e-05
EDA_psd_7,0.00408516358019841,0.00408516358019841,0.10751983803783771,4.031357566900075e-05,0.0021200362452785575,0.0020845687911754396
TEMP_pacf1,-0.0003987672825505214,0.0003987672825505214,0.046673492658180715,0.2549129566411634,0.9021523673792207,0.9021807566860423
TEMP_acf1,-0.0003987672825487336,0.0003987672825487336,0.046673492658180715,0.2549129566411634,0.8983933991818073,0.8984216701998503
BVP_skewness,-0.0002413251612131187,0.0002413251612131187,0.1259023107532637,7.343833561390841e-07,-0.3940618575318018,-0.393825806970834
EDA_neg_count,0.0,0.0,0.0,1.0,0.0,0.0
TEMP_neg_count,0.0,0.0,0.0,1.0,0.0,0.0
TEMP_pos_count,0.0,0.0,0.0,1.0,240.0,240.0
