Result_ID,Experiment,Metric,Exact_Value,Lower_CI,Upper_CI,N_Total,N_Contributing,Baseline_Windows,Stress_Windows,Representation,Modalities,Classifier,Calibration_Duration,Buffer_Duration,Aggregation_Level,Random_Seed,Source_Result_File,Source_Code,Manuscript_Location,Figure,Table,Status
1,Primary,Relative_Macro_Subject_AUROC,0.7810,0.6526,0.8894,35,21,57,1469,Baseline-Relative,EDA+BVP+TEMP+ACC,XGBoost,30s,30s,Subject,42,SUBJECT_CLASS_SUPPORT.csv,run_final_audit.py,Abstract+Results,Figure 3,Table 3,VERIFIED
2,Primary,Absolute_Macro_Subject_AUROC,0.4922,0.3357,0.5056,35,35,160,1508,Absolute,EDA+BVP+TEMP+ACC,XGBoost,0s,0s,Subject,42,SUBJECT_CLASS_SUPPORT_ABSOLUTE_30s.csv,run_final_audit.py,Abstract+Results,Figure 3,Table 3,VERIFIED
3,Primary,Delta_AUROC,0.2888,0.1754,0.3955,35,21,57,1469,Baseline-Relative,EDA+BVP+TEMP+ACC,XGBoost,30s,30s,Subject,42,N/A,run_final_audit.py,Abstract+Results,Figure 3,Table 3,VERIFIED
4,Primary,Balanced_Accuracy,0.6697,N/A,N/A,35,21,57,1469,Baseline-Relative,EDA+BVP+TEMP+ACC,XGBoost,30s,30s,Participant-Balanced,42,N/A,run_final_audit.py,Results,None,Table 3,VERIFIED
5,Primary,MCC,0.3295,N/A,N/A,35,21,57,1469,Baseline-Relative,EDA+BVP+TEMP+ACC,XGBoost,30s,30s,Participant-Balanced,42,N/A,run_final_audit.py,Results,None,Table 3,VERIFIED
6,Primary,Sensitivity,0.6609,N/A,N/A,35,21,57,1469,Baseline-Relative,EDA+BVP+TEMP+ACC,XGBoost,30s,30s,Participant-Balanced,42,N/A,run_final_audit.py,Results,None,Table 3,VERIFIED
7,Primary,Specificity,0.6786,N/A,N/A,35,21,57,1469,Baseline-Relative,EDA+BVP+TEMP+ACC,XGBoost,30s,30s,Participant-Balanced,42,N/A,run_final_audit.py,Results,None,Table 3,VERIFIED
8,Primary,Brier_Score,0.2475,N/A,N/A,35,21,57,1469,Baseline-Relative,EDA+BVP+TEMP+ACC,XGBoost,30s,30s,Participant-Balanced,42,N/A,run_final_audit.py,Results,None,Table 3,VERIFIED
9,Protocol_V1,Relative_Macro_Subject_AUROC,0.7634,0.6153,0.8837,18,18,53,461,Baseline-Relative,EDA+BVP+TEMP+ACC,XGBoost,30s,30s,Subject,42,SUBJECT_CLASS_SUPPORT.csv,run_final_audit.py,Results,Figure 11,Table 7,VERIFIED
10,Protocol_V2,Relative_Macro_Subject_AUROC,0.8864,0.6761,1.0000,17,3,4,1008,Baseline-Relative,EDA+BVP+TEMP+ACC,XGBoost,30s,30s,Subject,42,SUBJECT_CLASS_SUPPORT.csv,run_final_audit.py,Results,Figure 11,Table 7,VERIFIED
11,Explainability,SHAP_Spearman_rho,0.9878,N/A,N/A,35,21,57,1469,Baseline-Relative,EDA+BVP+TEMP+ACC,XGBoost,30s,30s,Global,42,N/A,run_final_audit.py,Results+Discussion,Figure 10,None,VERIFIED
12,Explainability,SHAP_Kendall_tau,0.9333,N/A,N/A,35,21,57,1469,Baseline-Relative,EDA+BVP+TEMP+ACC,XGBoost,30s,30s,Global,42,N/A,run_final_audit.py,Discussion,Figure 10,None,VERIFIED
13,Explainability,SHAP_Top5_Jaccard,1.0000,N/A,N/A,35,21,57,1469,Baseline-Relative,EDA+BVP+TEMP+ACC,XGBoost,30s,30s,Global,42,N/A,run_final_audit.py,Discussion,Figure 10,None,VERIFIED
14,Explainability,SHAP_Top10_Jaccard,0.8182,N/A,N/A,35,21,57,1469,Baseline-Relative,EDA+BVP+TEMP+ACC,XGBoost,30s,30s,Global,42,N/A,run_final_audit.py,Discussion,Figure 10,None,VERIFIED
