Section,Sentence,Claim_Type,Supporting_Result,Supporting_Table,Supporting_Figure,Supporting_Citation,Status
Abstract,"Wearable devices offer the potential for continuous, non-invasive physiological monitoring.",DIRECTLY SUPPORTED,N/A,N/A,N/A,"[1] FINAL_LITERATURE_MATRIX.csv",VERIFIED
Abstract,"While machine learning models for stress detection achieve high accuracy within single-dataset cross-validation, their performance often degrades significantly when applied to independent cohorts.",DIRECTLY SUPPORTED,"0.492 AUROC (Absolute)",N/A,N/A,"[1] FINAL_LITERATURE_MATRIX.csv",VERIFIED
Results,"The model achieved an internal LOSO-CV ROC-AUC of 0.964 on WESAD.",DIRECTLY SUPPORTED,"WESAD Internal CV",Table 3,N/A,N/A,VERIFIED
Results,"Target-label-free transfer of the absolute pipeline to the target dataset yielded a Macro Subject AUROC of 0.4922, indicating a failure to generalize above random chance.",DIRECTLY SUPPORTED,"Absolute Target AUROC",Table 3,Figure 3,N/A,VERIFIED
Results,"Removing ACC from the absolute pipeline improved absolute transfer AUROC from 0.492 to 0.510.",DIRECTLY SUPPORTED,"ACC Ablation Result",Table 3,N/A,N/A,VERIFIED
Results,"The accelerometry exhibited a cross-dataset distribution shift (Cohen's d ≈ -1.47), confirming ACC is a protocol-sensitive modality.",DIRECTLY SUPPORTED,"Cohen's d calculation",Table 3,N/A,N/A,VERIFIED
Results,"Applying strict, label-free baseline calibration (30-second z-score) increased macro subject AUROC from 0.492 to 0.781.",DIRECTLY SUPPORTED,"Relative Target AUROC",Table 3,Figure 3,N/A,VERIFIED
Results,"Evaluating exclusively on the 21 out of 35 target subjects possessing both evaluation classes, the primary Macro Subject AUROC was 0.7810 (95% CI = [0.6526, 0.8894]), with a median subject AUROC of 0.8406 (IQR = 0.3239).",DIRECTLY SUPPORTED,"Bootstrap CI result",Table 3,Figure 3,N/A,VERIFIED
Results,"The absolute macro AUROC on this same strict matched cohort of 21 subjects was 0.4922, establishing a corrected AUROC delta of +0.2888 (Delta 95% CI = [0.1754, 0.3955]).",DIRECTLY SUPPORTED,"AUROC Delta Bootstrap",Table 3,Figure 3,N/A,VERIFIED
Results,"The subject-aware classification performance across all 21 eligible subjects yielded a Participant-Balanced Accuracy of 0.6697, an MCC of 0.3295, a Sensitivity of 0.6609, a Specificity of 0.6786, and a Brier Score of 0.2475.",DIRECTLY SUPPORTED,"Secondary Metrics",Table 3,N/A,N/A,VERIFIED
Results,"Furthermore, a protocol-stratified analysis revealed a Macro AUROC of 0.7634 for the V1 cohort (Stroop first, N=18 contributing subjects) and 0.8864 for the V2 cohort (Subtract first, 3 contributing subjects out of 17 total).",DIRECTLY SUPPORTED,"Protocol Split Metrics",Table 7,Figure 11,N/A,VERIFIED
Results,"The baseline-relative representation achieved higher AUROC across all tested classifiers: Logistic Regression (0.418 -> 0.660), SVM (0.436 -> 0.711), Random Forest (0.400 -> 0.749), and XGBoost (0.408 -> 0.781).",DIRECTLY SUPPORTED,"Classifier Comparison",N/A,N/A,N/A,VERIFIED
Results,"Subject-level bootstrap (5000 iterations) yielded 95% confidence intervals across the independent target participants.",DIRECTLY SUPPORTED,"Bootstrap config",N/A,N/A,N/A,VERIFIED
Results,"The permutation test empirical p ≈ 0.001 (0/1000 exceedances with +1 correction).",DIRECTLY SUPPORTED,"Permutation Test",N/A,N/A,N/A,VERIFIED
Results,"The transferred model produced AUROCs > 0.5 across multiple target stress tasks (Stroop, TMCT, Opinion, Subtract).",DIRECTLY SUPPORTED,"Task AUROCs",N/A,N/A,N/A,VERIFIED
Discussion,"Absolute physiological representations degraded (AUROC 0.492) under independent cross-dataset transfer due to inter-subject variability and protocol-induced physical movement (ACC shift).",INTERPRETATION,"AUROC 0.492 and ACC Ablation",Table 3,N/A,N/A,VERIFIED
Discussion,"However, subject-specific baseline referencing increased macro subject AUROC from 0.492 to 0.781 in the evaluated source-target setting.",DIRECTLY SUPPORTED,"AUROC Delta Result",Table 3,Figure 3,N/A,VERIFIED
Discussion,"The corrected Macro Subject AUROC of 0.7810 demonstrates a scientifically valid, leakage-free capability, though it is mathematically constrained by target class imbalance (only 21 of 35 participants contributing to the AUROC due to extremely short baseline evaluations).",INTERPRETATION,"AUROC 0.7810 and N=21 limit",Table 3,N/A,N/A,VERIFIED
Discussion,"Furthermore, model feature-attribution rankings exhibited a SHAP Spearman rho = 0.9847 (Kendall tau = 0.9333, Top-10 Jaccard = 1.000) using the same frozen model.",DIRECTLY SUPPORTED,"SHAP Results",N/A,Figure 10,N/A,VERIFIED
Conclusion,"Label-free subject-specific calibration increased cross-dataset macro subject AUROC by +0.289 compared to absolute representations in wearable stress detection.",DIRECTLY SUPPORTED,"AUROC Delta +0.289",Table 3,N/A,N/A,VERIFIED
Conclusion,"By strictly separating calibration from evaluation, we demonstrate a mathematically validated framework for target-label-free cross-dataset transfer.",INTERPRETATION,"Calibration/Buffer Logic",N/A,N/A,N/A,VERIFIED
