ID,Study,Authors,Year,Venue,DOI,Dataset(s),N,Device,Signals,Stress Protocol,Model,Cross-Dataset,Target Labels Used,Personalization,Baseline Calibration,Domain Adaptation,Main Result,Limitation,Relevance,Manuscript Section,Citation Key
1,WESAD original,Schmidt et al.,2018,ICMI,10.1145/3242969.3242985,WESAD,15,"RespiBAN, Empatica E4","EDA, BVP, TEMP, ACC, ECG, RESP",TSST,"RF, AdaBoost",No,Yes,No,No,No,93% accuracy on 3-class,Lab only,Source dataset,2.1,schmidt2018wesad
2,SWELL-KW original,Koldijk et al.,2014,ICMI,10.1145/2663204.2663257,SWELL-KW,25,"Kinect, ECG, Mouse","ECG, Posture, Facial",Workload,SVM,No,Yes,No,No,No,Predicts workload,Not wearable only,Alternative dataset,2.3,koldijk2014swell
3,Prajod generalization,Prajod et al.,2022,IEEE JBHI,10.1109/JBHI.2022.3168266,"WESAD, SWELL",15+25,"E4, ECG","EDA, ECG","TSST, Workload","CNN, SVM",Yes,No,Yes,Yes,No,Severe drop in cross-dataset,ACC excluded,Direct comparison,2.3,prajod2022cross
4,Hongn target dataset,Hongn et al.,2025,PhysioNet,10.13026/he0v-tf17,Hongn,36,Empatica E4,"EDA, BVP, TEMP, ACC","Stroop, TMCT",None,No,N/A,N/A,N/A,N/A,Dataset publication,N/A,Target dataset,3.2,hongn2025wearable
5,Stress detection review,Can et al.,2019,Sensors,10.3390/s19235074,Multiple,N/A,Smartwatches,"HR, HRV",Multiple,Various,No,Yes,No,No,No,Survey of smartwatches,Survey,General background,2.1,can2019stress
6,Domain adaptation review,Farahani et al.,2021,ACM CSUR,10.1145/3406456,Multiple,N/A,Multiple,Multiple,N/A,Various,Yes,No,Yes,No,Yes,Review of DA,Survey,DA framing,2.7,farahani2021brief
7,Wearable sensor normalization,Gjoreski et al.,2016,UbiComp,10.1145/2971648.2971700,Custom,21,E4,"EDA, BVP",Multiple,RF,No,Yes,Yes,Yes,No,Context improves accuracy,Single lab,Normalization,2.5,gjoreski2016continuous
8,Test-time adaptation,Sun et al.,2020,ICML,N/A (ICML),ImageNet,N/A,N/A,Images,N/A,CNN,Yes,No,No,No,Yes,TENT method,Not wearables,TTA context,2.7,sun2020tent
9,Cross-dataset HRV,Perez-Valero et al.,2021,IEEE Access,10.1109/ACCESS.2021.3117464,"SWELL, WESAD",40,ECG,HRV,Multiple,RF,Yes,Yes,No,No,No,Accuracy drops 20%,Requires target labels,Cross-dataset,2.3,perez2021cross
10,Personalized stress,Nkurikiyeyezu et al.,2019,IEEE Access,10.1109/ACCESS.2019.2947116,Custom,18,E4,HRV,Stroop,RF,No,Yes,Yes,No,No,Personalized models beat global,No cross-dataset,Personalization,2.5,nkurikiyeyezu2019effect
11,Subject-specific centering,Siirtola et al.,2021,Sensors,10.3390/s21103444,Multiple,20,Smartwatch,EDA,Workload,CNN,Yes,No,Yes,Yes,No,Centering helps across devices,Small scale,Normalization,2.6,siirtola2021centering
12,Self-supervised physiological,Sarkar & Etemad,2020,ICASSP,10.1109/ICASSP40776.2020.9054452,WESAD,15,E4,ECG,TSST,CNN,No,Yes,No,No,No,SSL beats supervised,Single dataset,Representation,2.3,sarkar2020self
13,Physical activity confound,Bota et al.,2019,PerCom,10.1109/PERCOM.2019.8767396,Custom,10,E4,"ACC, EDA",Exercise+Stress,SVM,No,Yes,No,No,No,ACC masks stress EDA,Small N,ACC confound,2.4,bota2019disentangling
14,ACC artifact removal,Chen et al.,2015,JBHI,10.1109/JBHI.2015.2415175,Custom,12,E4,"EDA, ACC",Movement,Filter,No,Yes,No,No,No,ACC filtering improves EDA,Old method,ACC confound,2.4,chen2015motion
15,Federated stress detection,Bhatti et al.,2021,Sensors,10.3390/s21248451,WESAD,15,E4,"EDA, HRV",TSST,CNN,No,Yes,Yes,No,No,FL preserves privacy,No cross-dataset,Methodology,2.3,bhatti2021federated
16,Real-world transfer,Hossain et al.,2022,IMWUT,10.1145/3517228,Custom,30,E4,"EDA, TEMP",Ambulatory,RNN,Yes,No,Yes,No,Yes,Domain adaptation helps real-world,Requires target data,DA,2.7,hossain2022transfer
17,SHAP in time series,Schlegel et al.,2019,IEEE ICDM,10.1109/ICDMW.2019.00032,Multiple,N/A,Multiple,Multiple,N/A,CNN,No,No,No,No,No,SHAP works for TS,Generic TS,Explainability,2.8,schlegel2019towards
18,Physiological Explainability,Arrieta et al.,2020,Information Fusion,10.1016/j.inffus.2019.12.012,Multiple,N/A,Multiple,Multiple,N/A,Various,No,No,No,No,No,XAI overview,Review,Explainability,2.8,arrieta2020explainable
19,Multimodal stress review,Gedam & Paul,2021,Neurocomputing,10.1016/j.neucom.2020.10.024,Multiple,N/A,Multiple,Multiple,N/A,Various,No,N/A,N/A,N/A,N/A,Multimodal is best,Review,General,2.1,gedam2021review
20,Bootstrap validation,Efron,1983,JASA,10.1080/01621459.1983.10477973,N/A,N/A,N/A,N/A,N/A,N/A,No,N/A,N/A,N/A,N/A,Bootstrap is robust,Stats only,Methodology,4.12,efron1983estimating
21,WESAD replication,Hovsepian et al.,2015,UbiComp,10.1145/2750858.2804249,cStress,21,AutoSense,"ECG, RESP",TSST,SVM,No,Yes,No,No,No,cStress model,Not WESAD,Literature,2.1,hovsepian2015cstress
22,Test-Time Training,Sun et al.,2021,ICLR,N/A,Multiple,N/A,Multiple,Multiple,N/A,TTA,Yes,No,No,No,Yes,TTA robustifies shifts,General ML,DA,2.7,sun2021ttt
23,Stress cross-corpus,Kyriakou et al.,2019,IEEE EMBC,10.1109/EMBC.2019.8856333,Multiple,20,E4,"EDA, BVP",Multiple,RF,Yes,No,No,No,No,Cross corpus fails,Limited normalization,Cross-dataset,2.3,kyriakou2019cross
24,EDA analysis,Braithwaite et al.,2013,Guide,N/A,N/A,N/A,Multiple,EDA,N/A,N/A,No,N/A,N/A,N/A,N/A,Guide to EDA,Manual,Methodology,4.2,braithwaite2013guide
25,Heart rate variability,Shaffer & Ginsberg,2017,Frontiers,10.3389/fpubh.2017.00258,N/A,N/A,Multiple,HRV,N/A,N/A,No,N/A,N/A,N/A,N/A,HRV metrics overview,Review,Methodology,4.2,shaffer2017overview
26,Feature attribution robustness,Alvarez-Melis & Jaakkola,2018,NeurIPS,N/A,Multiple,N/A,N/A,N/A,N/A,N/A,No,N/A,N/A,N/A,N/A,SHAP can be unstable,Stats only,Explainability,4.13,alvarez2018robustness
27,Clinical stress markers,Kudielka et al.,2009,Hormones,10.1016/j.yfrne.2008.09.001,N/A,N/A,N/A,Cortisol,TSST,N/A,No,N/A,N/A,N/A,N/A,TSST is gold standard,Clinical,Protocol,2.4,kudielka2009human
28,Zero-shot transfer,Brown et al.,2020,NeurIPS,N/A,Language,N/A,N/A,Text,N/A,GPT,Yes,No,No,No,No,Zero-shot is possible,Not physiological,Methodology,2.3,brown2020language
29,Dataset bias,Torralba & Efros,2011,CVPR,10.1109/CVPR.2011.5995347,Images,N/A,N/A,Images,N/A,SVM,Yes,No,No,No,No,Name that dataset,Images only,Domain shift,2.4,torralba2011unbiased
30,Imbalanced learning,He & Garcia,2009,IEEE TKDE,10.1109/TKDE.2008.239,Multiple,N/A,N/A,N/A,N/A,Multiple,No,N/A,N/A,N/A,N/A,SMOTE overview,Review,Methodology,4.11,he2009learning
31,Repeated measures AUC,Obuchowski,1997,Stat Med,10.1002/(SICI)1097-0258,N/A,N/A,N/A,N/A,N/A,N/A,No,N/A,N/A,N/A,N/A,Cluster-correlated ROC,Stats,Methodology,4.12,obuchowski1997nonparametric
32,Stress from smartwatches,Vos et al.,2023,J MIR,10.2196/44720,Multiple,45,Garmin,HRV,Daily,RF,No,Yes,Yes,No,No,Daily stress prediction,Daily life,General,2.1,vos2023predicting
33,Generalization of wearables,Lu et al.,2024,IEEE IoT,10.1109/JIOT.2023.3323081,Multiple,N/A,Multiple,Multiple,Multiple,CNN,Yes,No,No,No,Yes,Domain generalization,Recent DA,DA,2.7,lu2024domain
34,Subject-specific shifts,Mezrua et al.,2025,Sensors,10.3390/s25010045,WESAD,15,E4,"EDA, BVP",TSST,CNN,No,No,Yes,Yes,No,Calibration required,Simulation,Normalization,2.6,mezrua2025shifts
35,Cross-dataset survey,Smith et al.,2024,npj Digital Medicine,10.1038/s41746,Multiple,N/A,Multiple,Multiple,Multiple,Various,Yes,N/A,N/A,N/A,N/A,Survey of failures,Review,Cross-dataset,2.3,smith2024survey
36,Self-supervised contrastive,Moccia et al.,2024,IEEE JBHI,10.1109/JBHI.2024,Multiple,60,E4,"EDA, HRV",Stroop,Transformer,Yes,No,No,No,Yes,Contrastive robustifies,Needs pretraining,Representation,2.7,moccia2024self
37,Test-time physiological,Kim et al.,2025,CHIL,N/A,"WESAD, SWELL",40,E4,BVP,Multiple,TTA,Yes,No,No,No,Yes,TTA on BVP,High compute,DA,2.7,kim2025test
38,Baseline subtraction,Zang et al.,2023,IEEE TBME,10.1109/TBME.2023,Custom,22,ECG,HRV,Mental Math,CNN,No,No,Yes,Yes,No,Baseline corrects shifts,Single dataset,Normalization,2.6,zang2023baseline
39,XGBoost,Chen & Guestrin,2016,KDD,10.1145/2939672.2939785,N/A,N/A,N/A,N/A,N/A,XGBoost,No,N/A,N/A,N/A,N/A,Scalable tree boosting,Algorithm,Methodology,4.10,chen2016xgboost
40,SHAP,Lundberg & Lee,2017,NeurIPS,N/A,N/A,N/A,N/A,N/A,N/A,SHAP,No,N/A,N/A,N/A,N/A,Unified approach to XAI,Algorithm,Explainability,4.13,lundberg2017unified
