Subject,Baseline duration,Calibration start,Calibration end,Buffer end,First evaluation window start,Held-out baseline duration,Held-out baseline windows,Stress windows,Raw overlap count,PASS/FAIL
S01,247.0,2013-02-20 18:01:30,2013-02-20 18:02:00,2013-02-20 18:02:30,2013-02-20 18:02:30,187.0,5,31,0,PASS
S02,192.0,2013-02-20 18:49:30,2013-02-20 18:50:00,2013-02-20 18:50:30,2013-02-20 18:50:30,132.0,3,23,0,PASS
S03,187.0,2013-03-06 17:08:51,2013-03-06 17:09:21,2013-03-06 17:09:51,2013-03-06 17:09:51,127.0,3,21,0,PASS
S04,180.0,2013-02-24 12:26:50,2013-02-24 12:27:20,2013-02-24 12:27:50,2013-02-24 12:27:50,120.0,3,30,0,PASS
S05,183.0,2013-02-23 11:49:42,2013-02-23 11:50:12,2013-02-23 11:50:42,2013-02-23 11:50:42,123.0,3,25,0,PASS
S06,193.0,2013-02-23 12:23:54,2013-02-23 12:24:24,2013-02-23 12:24:54,2013-02-23 12:24:54,133.0,3,26,0,PASS
S07,163.0,2013-02-24 11:49:50,2013-02-24 11:50:20,2013-02-24 11:50:50,2013-02-24 11:50:50,103.0,2,23,0,PASS
S08,176.0,2013-02-23 16:02:48,2013-02-23 16:03:18,2013-02-23 16:03:48,2013-02-23 16:03:48,116.0,2,24,0,PASS
S09,192.0,2013-02-24 11:18:02,2013-02-24 11:18:32,2013-02-24 11:19:02,2013-02-24 11:19:02,132.0,3,22,0,PASS
S10,184.0,2013-02-23 18:04:34,2013-02-23 18:05:04,2013-02-23 18:05:34,2013-02-23 18:05:34,124.0,3,29,0,PASS
S11,170.0,2013-02-24 09:52:09,2013-02-24 09:52:39,2013-02-24 09:53:09,2013-02-24 09:53:09,110.0,2,25,0,PASS
S12,199.0,2013-02-24 10:28:21,2013-02-24 10:28:51,2013-02-24 10:29:21,2013-02-24 10:29:21,139.0,3,27,0,PASS
S13,209.0,2013-02-24 17:08:37,2013-02-24 17:09:07,2013-02-24 17:09:37,2013-02-24 17:09:37,149.0,3,26,0,PASS
S14,210.0,2013-02-24 17:41:03,2013-02-24 17:41:33,2013-02-24 17:42:03,2013-02-24 17:42:03,150.0,4,28,0,PASS
S15,207.0,2013-02-25 11:39:17,2013-02-25 11:39:47,2013-02-25 11:40:17,2013-02-25 11:40:17,147.0,3,26,0,PASS
S16,193.0,2013-02-25 14:21:24,2013-02-25 14:21:54,2013-02-25 14:22:24,2013-02-25 14:22:24,133.0,3,24,0,PASS
S17,174.0,2013-02-25 18:45:10,2013-02-25 18:45:40,2013-02-25 18:46:10,2013-02-25 18:46:10,114.0,2,25,0,PASS
S18,184.0,2013-02-25 19:21:33,2013-02-25 19:22:03,2013-02-25 19:22:33,2013-02-25 19:22:33,124.0,3,26,0,PASS
f01,121.0,2013-06-12 16:23:45,2013-06-12 16:24:15,2013-06-12 16:24:45,2013-06-12 16:24:45,61.0,1,78,0,PASS
f02,78.0,2013-06-12 17:40:36,2013-06-12 17:41:06,2013-06-12 17:41:36,2013-06-12 17:41:36,18.0,0,50,0,PASS
f03,164.0,2013-06-12 18:41:47,2013-06-12 18:42:17,2013-06-12 18:42:47,2013-06-12 18:42:47,104.0,2,71,0,PASS
f04,102.0,2013-06-15 20:01:13,2013-06-15 20:01:43,2013-06-15 20:02:13,2013-06-15 20:02:13,42.0,0,60,0,PASS
f05,91.0,2013-07-02 10:43:42,2013-07-02 10:44:12,2013-07-02 10:44:42,2013-07-02 10:44:42,31.0,0,60,0,PASS
f06,86.0,2013-07-11 16:14:46,2013-07-11 16:15:16,2013-07-11 16:15:46,2013-07-11 16:15:46,26.0,0,62,0,PASS
f08,98.0,2013-07-03 19:25:20,2013-07-03 19:25:50,2013-07-03 19:26:20,2013-07-03 19:26:20,38.0,0,57,0,PASS
f09,98.0,2013-06-30 12:16:06,2013-06-30 12:16:36,2013-06-30 12:17:06,2013-06-30 12:17:06,38.0,0,58,0,PASS
f10,109.0,2013-06-30 10:03:33,2013-06-30 10:04:03,2013-06-30 10:04:33,2013-06-30 10:04:33,49.0,0,59,0,PASS
f11,105.0,2013-07-14 18:14:40,2013-07-14 18:15:10,2013-07-14 18:15:40,2013-07-14 18:15:40,45.0,0,59,0,PASS
f12,91.0,2013-07-01 16:00:14,2013-07-01 16:00:44,2013-07-01 16:01:14,2013-07-01 16:01:14,31.0,0,59,0,PASS
f13,106.0,2013-07-03 11:09:38,2013-07-03 11:10:08,2013-07-03 11:10:38,2013-07-03 11:10:38,46.0,0,66,0,PASS
f14_b,90.0,2013-07-12 23:02:16,2013-07-12 23:02:46,2013-07-12 23:03:16,2013-07-12 23:03:16,30.0,0,49,0,PASS
f15,87.0,2013-07-13 17:53:17,2013-07-13 17:53:47,2013-07-13 17:54:17,2013-07-13 17:54:17,27.0,0,54,0,PASS
f16,81.0,2013-07-19 11:07:16,2013-07-19 11:07:46,2013-07-19 11:08:16,2013-07-19 11:08:16,21.0,0,57,0,PASS
f17,136.0,2013-07-20 16:13:00,2013-07-20 16:13:30,2013-07-20 16:14:00,2013-07-20 16:14:00,76.0,1,59,0,PASS
f18,86.0,2013-07-21 19:41:25,2013-07-21 19:41:55,2013-07-21 19:42:25,2013-07-21 19:42:25,26.0,0,50,0,PASS
