Feature,Modality,Cohen_d,KS_stat,Wasserstein
EDA_mean,EDA,-0.2573091552269381,0.11872010962462025,1.3255796525631516
EDA_std,EDA,-0.4342205387314271,0.1760307946566598,0.07536653213516173
EDA_rms,EDA,-0.2580356019970602,0.11872010962462025,1.326580075138648
EDA_median,EDA,-0.25599659709718686,0.12060571616138957,1.320458299088301
EDA_min,EDA,-0.2433304976205282,0.12233006786320143,1.2391730798842118
EDA_max,EDA,-0.2794987715297763,0.11268702873274483,1.4687031826888273
EDA_q1,EDA,-0.24917987671164818,0.12142345734666278,1.2816781903319483
EDA_q3,EDA,-0.26354549015913825,0.11899818462890245,1.3644530072530632
EDA_skewness,EDA,-0.007348935949146099,0.12245477160223521,0.26415701867277364
EDA_kurtosis,EDA,-0.1468152905288838,0.10503064916896425,2.4498630931687844
EDA_peak_val,EDA,-0.2794987715297763,0.11268702873274483,1.4687031826888273
EDA_crest_factor,EDA,-0.3012053117887384,0.18444184684804132,0.06901720796589247
EDA_impulse_factor,EDA,-0.2986998866541995,0.18393013150510962,0.08145807997886306
EDA_clearance_factor,EDA,-0.29458185045429097,0.18474787269038284,0.09310987976232996
EDA_shape_factor,EDA,-0.2247143221373404,0.22746177006207235,0.0061520382143868705
EDA_neg_count,EDA,0.0,0.0,0.0
EDA_pos_count,EDA,0.07602932102564394,0.008170961659333752,0.1345065996228787
EDA_acf1,EDA,0.14238231316573927,0.15587465697513164,0.052051431491025583
EDA_pacf1,EDA,0.142382313192261,0.15587465697513164,0.05226921990730603
EDA_psd_0,EDA,-0.1898827679924386,0.12070820256760699,0.04618790707536383
EDA_psd_1,EDA,-0.3100624909423682,0.13256150796921395,0.204250910117562
EDA_psd_2,EDA,-0.2646967428503011,0.11940168006037381,0.056683894304374156
EDA_psd_3,EDA,-0.2193817441803341,0.13389096449741886,0.01865884563132822
EDA_psd_4,EDA,-0.14856950134599473,0.13600376117943935,0.0066728404554216355
EDA_psd_5,EDA,-0.01436934491182287,0.12277656458399477,0.002065825715971866
EDA_psd_6,EDA,0.019403082209110627,0.10046677899559021,0.0009376160909488494
EDA_psd_7,EDA,0.037856233903420786,0.116224601467634,0.0006263738389028377
EDA_psd_8,EDA,0.04066063581308966,0.07311724229864826,0.0004819395638585121
EDA_psd_9,EDA,0.042451413398764314,0.10008335083246912,0.0003428422273641149
EDA_psd_10,EDA,0.04673727607650349,0.1269211721864794,0.00023537208856876048
EDA_psd_11,EDA,0.00420733216854415,0.0667530514789935,0.0001805026098511092
EDA_psd_12,EDA,-0.014285761351064826,0.08537189306726047,0.00017045010975310298
EDA_psd_13,EDA,-0.04301917573738743,0.08878117862233903,0.0001434337124244921
EDA_psd_14,EDA,-0.043143469680703254,0.08315230985009034,0.00012241655472593568
EDA_psd_15,EDA,-0.029329193107783633,0.08594596027970905,9.578877647245838e-05
EDA_psd_16,EDA,-0.07177093778740494,0.09019950448180938,0.0002053327021956802
EDA_psd_17,EDA,-0.06053114655082156,0.20940911211654495,0.00013086086702928756
EDA_psd_18,EDA,-0.05586021770631897,0.1331341418053518,0.0001462661609097502
EDA_psd_19,EDA,-0.06445919664324642,0.10728678348205807,6.440518922064438e-05
TEMP_mean,TEMP,0.33928177018952976,0.2809403235273671,0.7295758390447402
TEMP_std,TEMP,0.024630668942745588,0.07497418130920291,0.0032813516601350274
TEMP_rms,TEMP,0.339276414225827,0.2809403235273671,0.7295851605206571
TEMP_median,TEMP,0.3390776179928421,0.2809403235273671,0.7294035362826963
TEMP_min,TEMP,0.33976373423806894,0.2796832525028542,0.7219448838140998
TEMP_max,TEMP,0.33900231365150924,0.28082350335804235,0.7374505395586779
TEMP_q1,TEMP,0.339348203310852,0.2814520388702988,0.7254536797278305
TEMP_q3,TEMP,0.33944872381359303,0.28031178801511064,0.7338863311084944
TEMP_skewness,TEMP,-0.03174195834208811,0.030463546732009513,0.02106266145843504
TEMP_kurtosis,TEMP,-0.036215844206352994,0.0553333424113833,0.03889002771690423
TEMP_peak_val,TEMP,0.33900231365150924,0.28082350335804235,0.7374505395586779
TEMP_crest_factor,TEMP,0.027967032462248208,0.05475067494107032,0.00013862632363743568
TEMP_impulse_factor,TEMP,0.027794922507548694,0.05475067494107032,0.0001388456877657946
TEMP_clearance_factor,TEMP,0.02770894344009514,0.05475067494107032,0.0001389548298776121
TEMP_shape_factor,TEMP,-0.05214722278578025,0.06152624476190544,3.3037554331911834e-07
TEMP_neg_count,TEMP,0.0,0.0,0.0
TEMP_pos_count,TEMP,0.0,0.0,0.0
TEMP_acf1,TEMP,0.06615149149414803,0.07408405462023769,0.007048793245212359
TEMP_pacf1,TEMP,0.06615149153255136,0.07408405462023769,0.007078286103978948
TEMP_psd_0,TEMP,-0.08375977676038553,0.09107744747213337,0.00032935860940532186
TEMP_psd_1,TEMP,-0.05985781602995894,0.03107918185746936,0.0012259764307673401
TEMP_psd_2,TEMP,-0.08906601462972756,0.055004382548070066,0.0001157883238822736
TEMP_psd_3,TEMP,-0.04595154703492148,0.03662276473922943,4.34547481026988e-05
TEMP_psd_4,TEMP,-0.053302903923407564,0.04914832363057019,2.4589610920835948e-05
TEMP_psd_5,TEMP,-0.03827241327716157,0.030325225918023776,1.4643820771166044e-05
TEMP_psd_6,TEMP,-0.04504670492275339,0.045352743159749076,1.3065509748489209e-05
TEMP_psd_7,TEMP,-0.08735685761496519,0.04466185577797574,8.993955851484122e-06
TEMP_psd_8,TEMP,-0.07423480997922927,0.05716304727203404,7.925751729719528e-06
TEMP_psd_9,TEMP,-0.05919487416811391,0.03199869276080461,1.1095079189928281e-05
TEMP_psd_10,TEMP,-0.058914393351175036,0.030424128883464355,9.722347094444826e-06
TEMP_psd_11,TEMP,-0.07237425101499324,0.06135710635723894,4.983353048137638e-06
TEMP_psd_12,TEMP,-0.09301908040457883,0.04700972617495648,3.7747385108955237e-06
TEMP_psd_13,TEMP,-0.043219455828608505,0.04114220024697074,3.6063626607679154e-06
TEMP_psd_14,TEMP,-0.0406479559470128,0.031108566071839386,2.6368699852211234e-06
TEMP_psd_15,TEMP,-0.05322748647741664,0.04470414037914237,2.6866502394708576e-06
TEMP_psd_16,TEMP,-0.04101856208265406,0.02671096755051039,2.4757918155599927e-06
TEMP_psd_17,TEMP,-0.0928669191100178,0.04872762768337004,2.6745780410622485e-06
TEMP_psd_18,TEMP,-0.06355747689504841,0.03348653737134552,4.073574573826892e-06
TEMP_psd_19,TEMP,-0.054220781376132385,0.08464588796587418,3.4696745208358287e-06
BVP_mean,BVP,0.008046409348053911,0.05442458183037855,0.1040755187803204
BVP_std,BVP,0.31047190289267323,0.1500006808537476,10.890839110830377
BVP_rms,BVP,0.3104915135579092,0.1500006808537476,10.891762099417
BVP_median,BVP,-0.5527963252158342,0.219565299966244,2.2203161096446875
BVP_min,BVP,-0.39656043100683575,0.20010434979542135,89.73772547546884
BVP_max,BVP,0.4112059596822525,0.22956954992700532,83.60073649741601
BVP_q1,BVP,0.10955239531504744,0.07420087478956244,2.876343577076586
BVP_q3,BVP,-0.09319995974024574,0.10691267226495674,2.98215753594012
BVP_skewness,BVP,-0.00775811481307694,0.11998363084253143,0.16339242844914423
BVP_kurtosis,BVP,0.22611112434667544,0.32586090372943016,2.9300211321034135
BVP_peak_val,BVP,0.397278135516939,0.2013578373791574,95.80453303824896
BVP_crest_factor,BVP,0.40692960970715947,0.29026801986946243,0.9847325610624629
BVP_impulse_factor,BVP,0.42673737811146784,0.31397463067267634,2.3627801815752285
BVP_clearance_factor,BVP,0.433818739581849,0.3247321198847279,3.7981812896057203
BVP_shape_factor,BVP,0.6013168140284226,0.35095932293036586,0.17000247716168979
BVP_neg_count,BVP,0.542663444678255,0.2582370761416663,55.527547700971894
BVP_pos_count,BVP,-0.5443990191484254,0.2600008456920233,55.75245447776009
BVP_acf1,BVP,0.3685054548960703,0.2205923140928842,0.001419691589874801
BVP_pacf1,BVP,0.3685054551512415,0.2205923140928842,0.0014200613975304003
BVP_psd_0,BVP,0.22598088380584103,0.10767952859119892,8193.614296896487
BVP_psd_1,BVP,0.21689736935274356,0.1073226178898264,25849.23651705012
BVP_psd_2,BVP,0.23681469398255248,0.08561700041639582,4726.072552120096
BVP_psd_3,BVP,0.25114007478196476,0.09227001656266327,1120.4702440268488
BVP_psd_4,BVP,0.234234973527399,0.09552951429327022,255.46255656963757
BVP_psd_5,BVP,0.26876539444403874,0.14721634737014866,45.01299466468659
BVP_psd_6,BVP,0.2868639408091943,0.24008336516623224,6.594208320704848
BVP_psd_7,BVP,0.2587320480465809,0.2983873799816098,1.3423366606930676
BVP_psd_8,BVP,0.25784953717112413,0.3006793487024719,0.43130762612618245
BVP_psd_9,BVP,0.2578497105774758,0.28758043928683796,0.15107198671061706
BVP_psd_10,BVP,0.2657921658690947,0.2782742435894036,0.048083498210494915
BVP_psd_11,BVP,0.2885645287973611,0.2749043758828702,0.02326093370409368
BVP_psd_12,BVP,0.3035632901472775,0.2813509858403921,0.0158722499505587
BVP_psd_13,BVP,0.279747993701484,0.28690746910894876,0.013617924758858263
BVP_psd_14,BVP,0.26359904842992604,0.28625098275863303,0.004977276275841397
BVP_psd_15,BVP,0.25386796519279475,0.2886647884659075,0.003447388859871268
BVP_psd_16,BVP,0.23098395337301375,0.3012799333766691,0.0034001379830301175
BVP_psd_17,BVP,0.2240545307678925,0.30314905608586495,0.005434802901748387
BVP_psd_18,BVP,0.20587959225458868,0.3122710629273701,0.00241087362735401
BVP_psd_19,BVP,0.17813007986297544,0.31269390893903637,0.0009568372070544689
ACC_X_mean,ACC,0.5086477345262406,0.33844594773766634,19.738749843672398
ACC_X_std,ACC,0.28202058265198693,0.2558053532305077,2.30588159503667
ACC_X_rms,ACC,0.7527499705292372,0.2999590771063286,11.050959609870358
ACC_X_median,ACC,0.5041661647063485,0.3304806755789228,19.88988265664832
ACC_X_min,ACC,0.13516091703632652,0.16928245898572858,13.223899113241744
ACC_X_max,ACC,0.7114492997281582,0.36716435881135834,31.54724587492215
ACC_X_q1,ACC,0.4878284986402588,0.3223147307366766,19.533823918320486
ACC_X_q3,ACC,0.5233020421043036,0.34087122045542667,20.57157779614092
ACC_X_skewness,ACC,-0.07811330553335735,0.06453776839075558,0.31173231012206315
ACC_X_kurtosis,ACC,-0.053882140372335324,0.08646770925681588,2.7421856922043206
ACC_X_peak_val,ACC,0.9573048276692544,0.41777329290256554,25.445457522968063
ACC_X_crest_factor,ACC,-0.002963454363010243,0.17754587341710462,0.2905082550642067
ACC_X_impulse_factor,ACC,-0.06880229733310259,0.17138737209804009,0.3922681293140651
ACC_X_clearance_factor,ACC,-0.0831205514781018,0.1688796802424126,0.5735754129695759
ACC_X_shape_factor,ACC,-0.18854363452268863,0.14642870708740083,0.022700957135423555
ACC_X_neg_count,ACC,-0.41817280647456795,0.22896896525280816,378.93513613849854
ACC_X_pos_count,ACC,0.43048354093164415,0.23874745844462902,389.5350471258297
ACC_X_acf1,ACC,0.29307637392423136,0.11924544204250391,0.07382500243569587
ACC_X_pacf1,ACC,0.2930763739305221,0.11924544204250391,0.07386347299454721
ACC_X_psd_0,ACC,0.35631663911886635,0.26177321550024474,44.76272929376004
ACC_X_psd_1,ACC,0.43303092218116973,0.2755730459318272,183.03137308106164
ACC_X_psd_2,ACC,0.476941428080096,0.3122137278749408,108.59795213486086
ACC_X_psd_3,ACC,0.44100329919034126,0.32493422594454124,90.87322463467659
ACC_X_psd_4,ACC,0.4400422339763118,0.31956694834900135,68.24829688470233
ACC_X_psd_5,ACC,0.45383834507180043,0.28588762186386224,41.235474856720316
ACC_X_psd_6,ACC,0.4492132125120981,0.2669677712503413,27.539874019984865
ACC_X_psd_7,ACC,0.4776190358057008,0.26465931870190573,20.324539411200476
ACC_X_psd_8,ACC,0.4621166570702963,0.2739440137546791,16.913493948456658
ACC_X_psd_9,ACC,0.47829715742966117,0.2769318866744021,15.089704376941214
ACC_X_psd_10,ACC,0.5111573499595213,0.2857808353287126,13.095097613248564
ACC_X_psd_11,ACC,0.5335769385855916,0.2988367434550246,12.42020045989962
ACC_X_psd_12,ACC,0.5113676417875421,0.2875840227276148,10.175360589644473
ACC_X_psd_13,ACC,0.5151174289069042,0.27555297866347694,7.49966680570169
ACC_X_psd_14,ACC,0.5111806772139917,0.25456476603356826,5.774338203644012
ACC_X_psd_15,ACC,0.4910847108943497,0.25599957572061205,4.777989398589721
ACC_X_psd_16,ACC,0.46451985144273283,0.26073473436311867,3.7971457163551
ACC_X_psd_17,ACC,0.4703038880930009,0.2650011789520156,3.7401049751239706
ACC_X_psd_18,ACC,0.4780542986441135,0.26048819363767256,3.661671644329263
ACC_X_psd_19,ACC,0.4552278125958023,0.25545489272253347,1.853677769973809
ACC_Y_mean,ACC,-0.25046420724002216,0.302142109227575,13.54451150990726
ACC_Y_std,ACC,0.4726562909316397,0.3410754765797061,3.4109700768464437
ACC_Y_rms,ACC,0.9510697844786977,0.4212055124786158,13.224614674652805
ACC_Y_median,ACC,-0.2575811431643308,0.2912577662120236,13.879217620208312
ACC_Y_min,ACC,-0.5526853669850269,0.3370720565438287,17.472503900575287
ACC_Y_max,ACC,0.21181244561927887,0.2051928356985237,14.202799813947756
ACC_Y_q1,ACC,-0.3432548758444951,0.3351154978796781,14.203654643745068
ACC_Y_q3,ACC,-0.1597026951619383,0.2503305724116628,12.899869347749277
ACC_Y_skewness,ACC,0.0472428824165337,0.11770026237953368,1.1140957880024867
ACC_Y_kurtosis,ACC,-0.21266423452794514,0.11034704190547313,30.904909087009763
ACC_Y_peak_val,ACC,0.9583281563383943,0.46090215271621227,21.584933638260253
ACC_Y_crest_factor,ACC,-0.12441477741059274,0.07088404200652616,0.38055709655384934
ACC_Y_impulse_factor,ACC,-0.04534718073174752,0.09275449775569104,1.7856592605214758
ACC_Y_clearance_factor,ACC,-0.03547769282988174,0.09762152701878511,2318.1961952784736
ACC_Y_shape_factor,ACC,-0.05581880050513792,0.1131012744865467,0.05712509139368934
ACC_Y_neg_count,ACC,0.3248093884277325,0.1636406898266833,281.1674778382105
ACC_Y_pos_count,ACC,-0.28649568108870305,0.1456797679650428,246.8779379735069
ACC_Y_acf1,ACC,0.7828024631675686,0.30387506118725127,0.20841208345663445
ACC_Y_pacf1,ACC,0.7828024631828819,0.30387506118725127,0.20852068798162487
ACC_Y_psd_0,ACC,0.4366234195508833,0.3715282729893851,52.97288895932853
ACC_Y_psd_1,ACC,0.4698638465935637,0.36304125185353475,174.18054572622856
ACC_Y_psd_2,ACC,0.4407503697371096,0.3556536303480166,55.96834662566623
ACC_Y_psd_3,ACC,0.3941575828825785,0.35471906899341865,33.14353261580048
ACC_Y_psd_4,ACC,0.41394289681068575,0.32768702514930403,18.88626741946091
ACC_Y_psd_5,ACC,0.42736436468478495,0.31379187519305785,9.53091247007389
ACC_Y_psd_6,ACC,0.4303432856374299,0.279901842390241,4.735482028462278
ACC_Y_psd_7,ACC,0.40180351834755823,0.24914158676190976,3.131359789970877
ACC_Y_psd_8,ACC,0.3863391875640967,0.20809398935144738,2.2876181513043914
ACC_Y_psd_9,ACC,0.3336776367523674,0.2102347368715272,1.8529816635950198
ACC_Y_psd_10,ACC,0.35337871474330984,0.21239985178888948,1.624670934944299
ACC_Y_psd_11,ACC,0.3170153523480541,0.1993948285216085,1.3762298225277836
ACC_Y_psd_12,ACC,0.27696670059751083,0.19364770620372435,1.283556436548154
ACC_Y_psd_13,ACC,0.274124141729748,0.1847937407323263,1.022807828530626
ACC_Y_psd_14,ACC,0.23330829669078623,0.1680834397018004,0.8302409074111765
ACC_Y_psd_15,ACC,0.18639212431577523,0.16351598608764953,0.7821019890534225
ACC_Y_psd_16,ACC,0.16653079581993654,0.16943941369175386,0.7346027052110313
ACC_Y_psd_17,ACC,0.17952342171935748,0.1621205942491509,0.7595843005308405
ACC_Y_psd_18,ACC,0.18736623369452096,0.16205322556254645,0.8102603978233482
ACC_Y_psd_19,ACC,0.19005211487276033,0.15337556537736857,0.39437844607883676
ACC_Z_mean,ACC,-1.501314432194437,0.5807696800775743,35.53544438906037
ACC_Z_std,ACC,0.7285687477599487,0.37195756919444967,6.042445655427249
ACC_Z_rms,ACC,-1.2369506065535583,0.4670821546799378,17.831637977703963
ACC_Z_median,ACC,-1.4085349645790357,0.5520412353697072,35.59120573465194
ACC_Z_min,ACC,-1.6277897323075512,0.6086789502238575,55.60843312618657
ACC_Z_max,ACC,-0.4559154425116968,0.28779759579791403,18.29660425985106
ACC_Z_q1,ACC,-1.4971332524625736,0.5928616426349184,38.92070275573763
ACC_Z_q3,ACC,-1.3117742752802322,0.518756804058175,32.04995298525701
ACC_Z_skewness,ACC,-0.05706713575982948,0.06939548070782989,1.1407884652391025
ACC_Z_kurtosis,ACC,-0.2738477659536109,0.15118393299825772,36.638992024476195
ACC_Z_peak_val,ACC,-0.06752789307074838,0.1417451499920806,8.641120556264678
ACC_Z_crest_factor,ACC,0.8337627042516342,0.43464986558513646,1.069347239443204
ACC_Z_impulse_factor,ACC,0.7704680951837246,0.4441997352553954,1.443189953058845
ACC_Z_clearance_factor,ACC,0.7041439489022605,0.4455291917836003,1.7605709136505903
ACC_Z_shape_factor,ACC,0.6795933552899397,0.4850480933586659,0.0881890620542935
ACC_Z_neg_count,ACC,1.0070206453523491,0.5931726852943474,572.83716486766
ACC_Z_pos_count,ACC,-1.0218957126300479,0.5937288353029119,585.4186827701717
ACC_Z_acf1,ACC,0.8237139754819411,0.29896216388221375,0.22545905864722102
ACC_Z_pacf1,ACC,0.8237139754976147,0.29896216388221375,0.2255765464318209
ACC_Z_psd_0,ACC,0.6504878529147213,0.40313923745813646,156.18543195359877
ACC_Z_psd_1,ACC,0.676671765459573,0.41385730882164284,553.5626032161636
ACC_Z_psd_2,ACC,0.5508717460285931,0.38590718745050373,169.44259890194843
ACC_Z_psd_3,ACC,0.43560432225037593,0.35150400592844444,101.02039868580636
ACC_Z_psd_4,ACC,0.4413581653591533,0.3346668510944186,59.769389175242594
ACC_Z_psd_5,ACC,0.4308704719536468,0.32423187155228206,33.537364529989546
ACC_Z_psd_6,ACC,0.44077888340800764,0.31837437925847145,22.022786872773604
ACC_Z_psd_7,ACC,0.4359259307227928,0.3013709527724006,15.284160514853689
ACC_Z_psd_8,ACC,0.4509262845706168,0.28488425844634907,12.403646672955192
ACC_Z_psd_9,ACC,0.4749686643896792,0.2853071044580153,10.769660195204972
ACC_Z_psd_10,ACC,0.5069370815354236,0.3007273668088815,9.978582190535988
ACC_Z_psd_11,ACC,0.5203020977190534,0.2812936507879628,9.086814510405999
ACC_Z_psd_12,ACC,0.4936833323521495,0.2710020088768995,7.746923315213097
ACC_Z_psd_13,ACC,0.4603863788401138,0.26662017749498856,5.81108469752516
ACC_Z_psd_14,ACC,0.44710749763576835,0.26207064108472183,4.51434740100777
ACC_Z_psd_15,ACC,0.443808504997023,0.24695138775910963,3.518576718705318
ACC_Z_psd_16,ACC,0.42342941669954864,0.2457172507555685,2.840103148592773
ACC_Z_psd_17,ACC,0.441100690468034,0.24558896357575788,2.765545673294614
ACC_Z_psd_18,ACC,0.44713946709869784,0.2494769968186213,2.7419033509854422
ACC_Z_psd_19,ACC,0.4435197459003765,0.250039597020584,1.3131618161898533
