Rank,Feature,Modality,ANOVA_F_score
1,EDA_neg_count,EDA,465.6123230429711
2,EDA_pos_count,EDA,465.61232304297073
3,TEMP_pos_count,TEMP,380.11765483481963
4,TEMP_neg_count,TEMP,380.1176548348191
5,BVP_pos_count,BVP,334.3028961687915
6,BVP_neg_count,BVP,334.3028961687915
7,ACC_X_acf1,ACC,253.95928206585452
8,ACC_X_pacf1,ACC,253.9592820658493
9,EDA_q1,EDA,243.93495322289658
10,EDA_median,EDA,242.8512721730218
11,EDA_mean,EDA,242.75423248600814
12,EDA_q3,EDA,242.34591458008202
13,EDA_min,EDA,242.02374675219465
14,EDA_max,EDA,239.49684696993432
15,EDA_peak_val,EDA,181.64188661620597
16,EDA_rms,EDA,179.5774398201932
17,BVP_median,BVP,175.2026088123627
18,TEMP_rms,TEMP,158.45681523936398
19,TEMP_max,TEMP,156.26685322029437
20,TEMP_q3,TEMP,154.40011433795053
