ROC-AUC,PR-AUC,Balanced Accuracy,F1,MCC,Sensitivity,Specificity,Brier Score,Representation,Modalities
0.4641302770927027,0.9208565447263788,0.4514278699684183,0.5962505715592136,-0.051944385615024166,0.44383934649421375,0.45901639344262296,0.40820881724357605,Absolute,EDA
0.44115546429488106,0.913705832736631,0.49933879409434323,0.311262026032824,-0.0009018828702276528,0.18720217835262082,0.8114754098360656,0.5548923015594482,Absolute,BVP
0.43602205135644856,0.9110915029411937,0.4655559151424522,0.7027253668763103,-0.03708820682372762,0.5704560925799864,0.36065573770491804,0.33213114738464355,Absolute,TEMP
0.4246029974667723,0.9109717788427445,0.45190215268555617,0.2796561604584527,-0.06759725039434032,0.16609938733832538,0.7377049180327869,0.5607473850250244,Absolute,ACC
0.45860069859054337,0.9204798963150049,0.4663287169815532,0.47100353000504286,-0.03831696152603125,0.31790333560245065,0.6147540983606558,0.4774792790412903,Absolute,EDA+BVP
0.4641302770927027,0.9208565447263788,0.4514278699684183,0.5962505715592136,-0.051944385615024166,0.44383934649421375,0.45901639344262296,0.40820881724357605,Absolute,EDA+TEMP
0.43214688256759926,0.9138582591552513,0.45971665792498523,0.313307130825379,-0.05399253691879889,0.18992511912865895,0.7295081967213115,0.5276364088058472,Absolute,BVP+TEMP
0.45860069859054337,0.9204798963150049,0.4663287169815532,0.47100353000504286,-0.03831696152603125,0.31790333560245065,0.6147540983606558,0.4774792790412903,Absolute,EDA+BVP+TEMP
0.40841321742235714,0.9134487565195893,0.5062019440011606,0.28472622478386167,0.008845041848270662,0.168141592920354,0.8442622950819673,0.5591961741447449,Absolute,EDA+BVP+TEMP+ACC
0.6276378488767869,0.9943842667867944,0.5601449565530774,0.7402985074626866,0.026004445591641605,0.5908781484002723,0.5294117647058824,0.259656697511673,Relative,EDA
0.49701677812037004,0.9902244246574153,0.5317142513915029,0.30627518710420265,0.01754400641646522,0.18107556160653507,0.8823529411764706,0.5474357604980469,Relative,BVP
0.6714451607736356,0.9948323345166263,0.6483201858006646,0.6414397784956161,0.06320839969468445,0.47311095983662355,0.8235294117647058,0.3380644619464874,Relative,TEMP
0.6839186321226925,0.995095838560426,0.6125015016217514,0.7306368330464716,0.048408980510111034,0.5779441797140912,0.6470588235294118,0.285132497549057,Relative,ACC
0.625475513554639,0.9944971703028871,0.6869218756256757,0.6584587323301414,0.07953874160902687,0.4914908100748809,0.8823529411764706,0.3863759934902191,Relative,EDA+BVP
0.7032394986585513,0.9958559808720112,0.6574300244263804,0.7988599348534202,0.07089964619059973,0.6678012253233492,0.6470588235294118,0.2648296058177948,Relative,EDA+TEMP
0.680895366996356,0.9949295018191127,0.628378648940856,0.5442850074220683,0.05650868201578938,0.37440435670524164,0.8823529411764706,0.46512240171432495,Relative,BVP+TEMP
0.7305890361590518,0.996246580751162,0.7351139230368798,0.7844756399669695,0.10426382359523385,0.6466984343090538,0.8235294117647058,0.29480472207069397,Relative,EDA+BVP+TEMP
0.7393384855644096,0.996384763748609,0.7340928202458655,0.7829681686647375,0.10368340487201849,0.6446562287270252,0.8235294117647058,0.28895053267478943,Relative,EDA+BVP+TEMP+ACC
