subject_id,task,predicted_stress_prob
S01,Baseline,0.37627023
S01,Real Opinion,0.17127143
S01,TMCT,0.079322115
S03,Baseline,0.50328887
S03,Real Opinion,0.7249104
S03,TMCT,0.38627306
S04,Baseline,0.21181759
S04,Real Opinion,0.42494935
S04,TMCT,0.27371228
S05,Baseline,0.72434366
S05,Real Opinion,0.66731054
S05,Subtract,0.6703334
S05,TMCT,0.78754324
S06,Baseline,0.35129672
S06,Real Opinion,0.54325706
S06,TMCT,0.5524798
S07,Baseline,0.06559282
S07,Real Opinion,0.084047034
S07,TMCT,0.18446131
S08,Baseline,0.10138993
S08,Real Opinion,0.11117266
S08,TMCT,0.18148682
S09,Baseline,0.078854896
S09,Real Opinion,0.07884573
S09,TMCT,0.07509053
S10,Baseline,0.636203
S10,Real Opinion,0.54666877
S10,TMCT,0.52619475
S11,Baseline,0.0971933
S11,Real Opinion,0.21145162
S11,TMCT,0.05731057
S12,Baseline,0.5164562
S12,Real Opinion,0.45237622
S12,TMCT,0.60871375
S13,Baseline,0.66263825
S13,Real Opinion,0.5649314
S13,TMCT,0.63484037
S14,Baseline,0.38749087
S14,Real Opinion,0.40762916
S14,TMCT,0.3792556
S15,Baseline,0.31631583
S15,Real Opinion,0.5746225
S15,TMCT,0.5687151
S16,Baseline,0.26753488
S16,Real Opinion,0.12108068
S16,TMCT,0.1140179
S17,Baseline,0.65313685
S17,Real Opinion,0.737375
S17,TMCT,0.74313897
S18,Baseline,0.844964
S18,Real Opinion,0.34029457
S18,TMCT,0.4541341
f01,Baseline,0.09749376
f01,Opposite Opinion,0.17089352
f01,Subtract,0.20753993
f02,Baseline,0.8097673
f02,Opposite Opinion,0.37507516
f02,Subtract,0.7679913
f03,Baseline,0.45142
f03,Opposite Opinion,0.5563734
f03,Subtract,0.82168835
f04,Baseline,0.06104309
f04,Opposite Opinion,0.070716076
f04,Subtract,0.0596717
f05,Baseline,0.19297847
f05,Opposite Opinion,0.19755393
f05,Subtract,0.36896655
f06,Baseline,0.3325588
f06,Opposite Opinion,0.27767056
f06,Subtract,0.68682367
f08,Baseline,0.10447204
f08,Opposite Opinion,0.45340198
f08,Subtract,0.2909225
f09,Baseline,0.100601
f09,Opposite Opinion,0.10153535
f09,Subtract,0.08286112
f10,Baseline,0.5742483
f10,Opposite Opinion,0.18581629
f10,Subtract,0.8304543
f11,Baseline,0.70307106
f11,Opposite Opinion,0.4230625
f11,Subtract,0.8269813
f12,Baseline,0.16184969
f12,Opposite Opinion,0.07497233
f12,Subtract,0.3010692
f13,Baseline,0.77874154
f13,Opposite Opinion,0.33911815
f13,Subtract,0.75166416
f14_b,Baseline,0.0752821
f14_b,Opposite Opinion,0.7154415
f15,Baseline,0.8868504
f15,Opposite Opinion,0.4409346
f15,Subtract,0.8209588
f16,Baseline,0.054178506
f16,Opposite Opinion,0.18808343
f16,Subtract,0.19053067
f17,Baseline,0.12554218
f17,Opposite Opinion,0.31582132
f17,Subtract,0.3654492
f18,Baseline,0.059955638
f18,Opposite Opinion,0.17821702
f18,Subtract,0.07044345
