Feature,Modality,WESAD_Mean_Abs_SHAP,WESAD_Median_Abs_SHAP,WESAD_Mean_SHAP,WESAD_Direction,DatasetB_Mean_Abs_SHAP,DatasetB_Median_Abs_SHAP,DatasetB_Mean_SHAP,DatasetB_Direction,WESAD_Rank,DatasetB_Rank
EDA_mean,EDA,0.0936897,0.07697741,-0.0074542374,Negative,0.077480465,0.07697741,0.029039597,Positive,8,8
EDA_rms,EDA,0.0,0.0,0.0,Negative,0.0,0.0,0.0,Negative,17,17
EDA_median,EDA,0.00049739017,0.00055837777,0.00035508964,Positive,0.00042855955,0.00055837777,0.00023855199,Positive,13,13
EDA_min,EDA,0.75639206,0.7017132,-0.17714652,Negative,0.62631315,0.6919049,0.073360085,Positive,3,3
EDA_max,EDA,0.0032629431,0.0026556354,0.0016069323,Positive,0.018128911,0.0025592346,-0.014405062,Negative,11,10
EDA_q1,EDA,0.84284896,0.8555383,-0.34635338,Negative,0.6964063,0.71568626,-0.032311693,Negative,2,2
EDA_q3,EDA,0.17365737,0.17311093,-0.064324625,Negative,0.1750167,0.17270544,-0.00094055943,Negative,5,6
EDA_peak_val,EDA,0.0,0.0,0.0,Negative,0.0,0.0,0.0,Negative,17,17
EDA_neg_count,EDA,0.0,0.0,0.0,Negative,0.0,0.0,0.0,Negative,17,17
EDA_pos_count,EDA,0.0,0.0,0.0,Negative,0.0,0.0,0.0,Negative,17,17
TEMP_mean,TEMP,0.0037621462,0.00089348236,0.0025790976,Positive,0.0040645986,0.0003599464,0.0034699023,Positive,10,12
TEMP_rms,TEMP,0.9308766,0.8655456,-0.2466074,Negative,1.6498865,1.1684074,1.2936666,Positive,1,1
TEMP_median,TEMP,0.0018450663,0.0014356831,-0.00023487303,Negative,0.011891087,0.0014356831,0.011040761,Positive,12,11
TEMP_max,TEMP,0.14306869,0.07406331,0.041007746,Positive,0.11696516,0.03045156,0.08064418,Positive,6,7
TEMP_q1,TEMP,0.0,0.0,0.0,Negative,0.0,0.0,0.0,Negative,17,17
TEMP_q3,TEMP,0.017395463,0.004401489,0.011694839,Positive,0.019377105,0.0017455006,0.016325314,Positive,9,9
TEMP_peak_val,TEMP,0.1364912,0.13085994,-0.042938028,Negative,0.20276514,0.13500315,0.16296668,Positive,7,5
BVP_median,BVP,0.22766995,0.18848062,-0.037686042,Negative,0.31798622,0.22930385,-0.23529927,Negative,4,4
BVP_neg_count,BVP,0.0,0.0,0.0,Negative,0.0,0.0,0.0,Negative,17,17
BVP_pos_count,BVP,0.0,0.0,0.0,Negative,0.0,0.0,0.0,Negative,17,17
