Subject,True_Label,Pred_Prob
S05,0,0.051581886
S05,0,0.049230315
S05,0,0.04452441
S05,0,0.04452441
S05,0,0.04452441
S05,1,0.9540009
S05,1,0.9540009
S05,1,0.9540009
S05,1,0.9540009
S05,1,0.9540009
S05,1,0.9540009
S05,1,0.9540009
S05,1,0.9540009
S05,1,0.9540009
S05,1,0.23220119
S05,1,0.8604728
S05,1,0.8604728
S05,1,0.5494573
S05,1,0.9143767
S05,1,0.8604728
S05,1,0.8604728
S05,1,0.9540009
S03,0,0.04452441
S03,0,0.04452441
S03,0,0.04452441
S03,0,0.04452441
S03,0,0.04452441
S03,1,0.9540009
S03,1,0.9540009
S03,1,0.9540009
S03,1,0.9540009
S03,1,0.9540009
S03,1,0.05976535
S03,1,0.46132964
S03,1,0.9540009
S03,1,0.9540009
S03,1,0.9540009
S03,1,0.9540009
S03,1,0.9540009
S03,1,0.9540009
S03,1,0.9540009
S03,1,0.9540009
f16,0,0.04452441
f16,1,0.8604728
f16,1,0.8604728
f16,1,0.8604728
f16,1,0.9540009
f16,1,0.9540009
f16,1,0.9540009
f16,1,0.9540009
f16,1,0.9540009
f16,1,0.9540009
f16,1,0.9540009
f16,1,0.9540009
f16,1,0.9540009
f16,1,0.9540009
f16,1,0.9540009
f16,1,0.9540009
f16,1,0.9540009
f16,1,0.9540009
f16,1,0.9540009
f16,1,0.9540009
f16,1,0.9540009
f16,1,0.9540009
f16,1,0.9540009
f16,1,0.9185558
f16,1,0.8604728
f16,1,0.8604728
f16,1,0.8604728
f16,1,0.8604728
f14_b,0,0.04452441
f14_b,0,0.04452441
f14_b,1,0.9540009
f14_b,1,0.9540009
f14_b,1,0.9540009
f14_b,1,0.9540009
f14_b,1,0.9540009
f14_b,1,0.9540009
f14_b,1,0.9540009
f14_b,1,0.9540009
f14_b,1,0.9540009
f14_b,1,0.9540009
f14_b,1,0.9540009
f14_b,1,0.9540009
f14_b,1,0.9540009
f14_b,1,0.9540009
f14_b,1,0.9540009
f14_b,1,0.9540009
f14_b,1,0.9540009
f14_b,1,0.9540009
f14_b,1,0.9540009
f14_b,1,0.9540009
S13,0,0.16286689
S13,0,0.04452441
S13,0,0.04452441
S13,0,0.04452441
S13,0,0.04452441
S13,1,0.9518141
S13,1,0.9518141
S13,1,0.9540009
S13,1,0.9540009
S13,1,0.9540009
S13,1,0.9143767
S13,1,0.8604728
S13,1,0.8908386
S13,1,0.9254754
S13,1,0.9143767
S13,1,0.8908386
S13,1,0.9540009
S13,1,0.9540009
S13,1,0.8604728
S13,1,0.8604728
S13,1,0.8604728
S13,1,0.8604728
S13,1,0.8604728
S13,1,0.8214529
S09,0,0.049230315
S09,0,0.04452441
S09,0,0.04452441
S09,0,0.04452441
S09,0,0.049098343
S09,1,0.049098343
S09,1,0.049230315
S09,1,0.7817234
S09,1,0.8214529
S09,1,0.8214529
S09,1,0.8214529
S09,1,0.8214529
S09,1,0.8868624
S09,1,0.85397017
S09,1,0.85397017
S09,1,0.85397017
S09,1,0.85397017
S09,1,0.85397017
S09,1,0.85397017
S09,1,0.85397017
f05,0,0.04452441
f05,0,0.04452441
f05,1,0.41914403
f05,1,0.8604728
f05,1,0.9402378
f05,1,0.9540009
f05,1,0.9540009
f05,1,0.9540009
f05,1,0.9540009
f05,1,0.9540009
f05,1,0.9540009
f05,1,0.9540009
f05,1,0.9540009
f05,1,0.9540009
f05,1,0.9540009
f05,1,0.9540009
f05,1,0.9540009
f05,1,0.9540009
f05,1,0.8868624
f05,1,0.8868624
f05,1,0.8868624
f05,1,0.8868624
f05,1,0.8868624
f05,1,0.8868624
f05,1,0.85397017
f05,1,0.85397017
f05,1,0.85397017
f05,1,0.85397017
f05,1,0.85397017
f05,1,0.85397017
f05,1,0.85397017
f05,1,0.85397017
f05,1,0.85397017
f05,1,0.85397017
f10,0,0.049230315
f10,0,0.04452441
f10,1,0.91024554
f10,1,0.9254754
f10,1,0.9254754
f10,1,0.9254754
f10,1,0.9143767
f10,1,0.9143767
f10,1,0.9143767
f10,1,0.8214529
f10,1,0.8214529
f10,1,0.8214529
f10,1,0.8214529
f10,1,0.8214529
f10,1,0.8214529
f10,1,0.8214529
f10,1,0.8214529
f10,1,0.8214529
f10,1,0.8214529
f10,1,0.8214529
f10,1,0.8214529
f10,1,0.8214529
f10,1,0.8214529
f10,1,0.8214529
f10,1,0.8214529
f10,1,0.8214529
f10,1,0.8214529
f10,1,0.8214529
f10,1,0.8214529
f10,1,0.8214529
f10,1,0.8823018
f10,1,0.8214529
f10,1,0.8214529
f10,1,0.8589184
f09,0,0.049230315
f09,0,0.04452441
f09,1,0.04452441
f09,1,0.04452441
f09,1,0.051685862
f09,1,0.054344464
f09,1,0.059139714
f09,1,0.8604728
f09,1,0.8604728
f09,1,0.9157758
f09,1,0.9540009
f09,1,0.9540009
f09,1,0.9540009
f09,1,0.9540009
f09,1,0.9540009
f09,1,0.9540009
f09,1,0.9540009
f09,1,0.9540009
f09,1,0.9540009
f09,1,0.9540009
f09,1,0.9540009
f09,1,0.9540009
f09,1,0.9540009
f09,1,0.9540009
f09,1,0.9540009
f09,1,0.9540009
f09,1,0.95232683
f09,1,0.95232683
f09,1,0.9540009
f09,1,0.9540009
f09,1,0.9540009
f09,1,0.9540009
f09,1,0.9540009
f09,1,0.9540009
f15,0,0.049075793
f15,1,0.051140204
f15,1,0.94693005
f15,1,0.8959615
f15,1,0.9540009
f15,1,0.9540009
f15,1,0.9540009
f15,1,0.9540009
f15,1,0.85397017
f15,1,0.85397017
f15,1,0.85397017
f15,1,0.85397017
f15,1,0.85397017
f15,1,0.85397017
f15,1,0.85397017
f15,1,0.85397017
f15,1,0.85397017
f15,1,0.85397017
f15,1,0.85397017
f15,1,0.85397017
f15,1,0.85397017
f15,1,0.85397017
f15,1,0.85397017
f15,1,0.85397017
f15,1,0.85397017
f15,1,0.85397017
f15,1,0.85397017
f15,1,0.8929053
f08,0,0.04452441
f08,0,0.046809517
f08,1,0.26904258
f08,1,0.3335402
f08,1,0.9540009
f08,1,0.9540009
f08,1,0.9540009
f08,1,0.9540009
f08,1,0.9540009
f08,1,0.9540009
f08,1,0.9540009
f08,1,0.9540009
f08,1,0.9540009
f08,1,0.9540009
f08,1,0.9540009
f08,1,0.9540009
f08,1,0.9540009
f08,1,0.94693005
f08,1,0.94693005
f08,1,0.94693005
f08,1,0.94693005
f08,1,0.94693005
f08,1,0.94693005
f08,1,0.94693005
f08,1,0.92544526
f08,1,0.92544526
f08,1,0.92544526
f08,1,0.92544526
f08,1,0.93012524
f08,1,0.94693005
f08,1,0.94693005
f12,0,0.046809517
f12,0,0.049230315
f12,1,0.82760364
f12,1,0.8604728
f12,1,0.9143767
f12,1,0.8604728
f12,1,0.8604728
f12,1,0.8604728
f12,1,0.8604728
f12,1,0.8214529
f12,1,0.8214529
f12,1,0.8214529
f12,1,0.8214529
f12,1,0.8214529
f12,1,0.8214529
f12,1,0.8214529
f12,1,0.8214529
f12,1,0.8214529
f12,1,0.8214529
f12,1,0.8214529
f12,1,0.8214529
f12,1,0.8214529
f12,1,0.8214529
f12,1,0.8214529
f12,1,0.8214529
f12,1,0.8214529
f12,1,0.8214529
f12,1,0.8214529
f12,1,0.8214529
f12,1,0.8214529
f12,1,0.8214529
f12,1,0.8214529
f12,1,0.8214529
f12,1,0.8214529
f06,0,0.049230315
f06,1,0.04452441
f06,1,0.049098343
f06,1,0.38223168
f06,1,0.8868624
f06,1,0.9540009
f06,1,0.9540009
f06,1,0.9540009
f06,1,0.8868624
f06,1,0.8868624
f06,1,0.91787106
f06,1,0.94693005
f06,1,0.943307
f06,1,0.94693005
f06,1,0.8868624
f06,1,0.8868624
f06,1,0.8868624
f06,1,0.8868624
f06,1,0.8868624
f06,1,0.8868624
f06,1,0.8868624
f06,1,0.8868624
f06,1,0.8868624
f06,1,0.94693005
f06,1,0.943307
f06,1,0.943307
f06,1,0.8868624
f06,1,0.8868624
f06,1,0.8868624
f06,1,0.8868624
f06,1,0.8868624
f06,1,0.8868624
f06,1,0.8868624
f06,1,0.943307
f06,1,0.8868624
f06,1,0.8868624
S06,0,0.049098343
S06,0,0.04452441
S06,0,0.04452441
S06,0,0.04452441
S06,0,0.04452441
S06,1,0.9540009
S06,1,0.9540009
S06,1,0.9540009
S06,1,0.9540009
S06,1,0.9540009
S06,1,0.9540009
S06,1,0.9540009
S06,1,0.9540009
S06,1,0.9540009
S06,1,0.9540009
S06,1,0.9540009
S06,1,0.9540009
S06,1,0.9540009
S06,1,0.9540009
S06,1,0.9540009
S06,1,0.9540009
S06,1,0.9540009
S06,1,0.9540009
S06,1,0.9540009
S16,0,0.04452441
S16,0,0.04452441
S16,0,0.04452441
S16,0,0.04452441
S16,0,0.04452441
S16,1,0.049098343
S16,1,0.04452441
S16,1,0.04452441
S16,1,0.04452441
S16,1,0.04452441
S16,1,0.04452441
S16,1,0.04670697
S16,1,0.04452441
S16,1,0.04670697
S16,1,0.13757077
S16,1,0.14924183
S16,1,0.14924183
S16,1,0.16353512
S16,1,0.48505324
S16,1,0.85397017
S16,1,0.5851656
S15,0,0.14535233
S15,0,0.04452441
S15,0,0.04452441
S15,0,0.04452441
S15,0,0.04452441
S15,1,0.94693005
S15,1,0.8868624
S15,1,0.8868624
S15,1,0.95232683
S15,1,0.9540009
S15,1,0.9540009
S15,1,0.9540009
S15,1,0.9540009
S15,1,0.9540009
S15,1,0.9540009
S15,1,0.9540009
S15,1,0.9540009
S15,1,0.9540009
S15,1,0.9540009
S15,1,0.9540009
S15,1,0.9540009
S15,1,0.9540009
S15,1,0.9540009
S15,1,0.9540009
S11,0,0.049230315
S11,0,0.04452441
S11,0,0.04452441
S11,0,0.04452441
S11,1,0.9540009
S11,1,0.9540009
S11,1,0.9540009
S11,1,0.9540009
S11,1,0.9540009
S11,1,0.9540009
S11,1,0.9157758
S11,1,0.8868624
S11,1,0.9157758
S11,1,0.9157758
S11,1,0.94868517
S11,1,0.95232683
S11,1,0.8868624
S11,1,0.8868624
S11,1,0.8868624
f17,0,0.046809517
f17,0,0.046809517
f17,0,0.046809517
f17,1,0.046809517
f17,1,0.51687557
f17,1,0.92858267
f17,1,0.94693005
f17,1,0.94693005
f17,1,0.94517505
f17,1,0.94517505
f17,1,0.85397017
f17,1,0.93012524
f17,1,0.93012524
f17,1,0.85397017
f17,1,0.85397017
f17,1,0.8929053
f17,1,0.93012524
f17,1,0.93012524
f17,1,0.93012524
f17,1,0.93012524
f17,1,0.93012524
f17,1,0.93012524
f17,1,0.94160426
f17,1,0.94693005
f17,1,0.94693005
f17,1,0.94693005
f17,1,0.94868517
f17,1,0.9540009
f17,1,0.9540009
f17,1,0.9540009
f17,1,0.9540009
f17,1,0.9540009
f17,1,0.9540009
f17,1,0.9540009
f17,1,0.9540009
f17,1,0.9540009
f04,0,0.046809517
f04,0,0.04452441
f04,1,0.049230315
f04,1,0.05633044
f04,1,0.8604728
f04,1,0.8604728
f04,1,0.8604728
f04,1,0.8604728
f04,1,0.8604728
f04,1,0.9540009
f04,1,0.9540009
f04,1,0.9540009
f04,1,0.9540009
f04,1,0.9540009
f04,1,0.9540009
f04,1,0.9540009
f04,1,0.9540009
f04,1,0.9540009
f04,1,0.9540009
f04,1,0.9540009
f04,1,0.9540009
f04,1,0.9185558
f04,1,0.9185558
f04,1,0.9185558
f04,1,0.9185558
f04,1,0.9540009
f04,1,0.9540009
f04,1,0.9540009
f04,1,0.9540009
f04,1,0.9540009
f04,1,0.9540009
f04,1,0.9540009
f04,1,0.9540009
f04,1,0.9540009
f04,1,0.9540009
S12,0,0.049098343
S12,0,0.04452441
S12,0,0.04452441
S12,0,0.04452441
S12,0,0.04452441
S12,1,0.8871868
S12,1,0.9540009
S12,1,0.9540009
S12,1,0.9540009
S12,1,0.9540009
S12,1,0.9540009
S12,1,0.9540009
S12,1,0.9540009
S12,1,0.9540009
S12,1,0.9540009
S12,1,0.95232683
S12,1,0.5252815
S12,1,0.8604728
S12,1,0.8604728
S12,1,0.8604728
S12,1,0.8604728
S12,1,0.8604728
S12,1,0.8604728
S12,1,0.8604728
S12,1,0.8478646
f18,0,0.04452441
f18,1,0.05976535
f18,1,0.059139714
f18,1,0.059139714
f18,1,0.059139714
f18,1,0.9540009
f18,1,0.9540009
f18,1,0.8214529
f18,1,0.8214529
f18,1,0.8214529
f18,1,0.8604728
f18,1,0.8604728
f18,1,0.8604728
f18,1,0.8604728
f18,1,0.8604728
f18,1,0.8604728
f18,1,0.8604728
f18,1,0.9185558
f18,1,0.9185558
f18,1,0.9540009
f18,1,0.9540009
f18,1,0.94314593
f18,1,0.9254754
f18,1,0.9254754
f18,1,0.8604728
f18,1,0.8604728
f18,1,0.8604728
S14,0,0.04452441
S14,0,0.04452441
S14,0,0.04452441
S14,0,0.04452441
S14,0,0.04452441
S14,0,0.04452441
S14,1,0.05410971
S14,1,0.049016517
S14,1,0.04452441
S14,1,0.04452441
S14,1,0.049016517
S14,1,0.059139714
S14,1,0.075099245
S14,1,0.7817234
S14,1,0.8214529
S14,1,0.8214529
S14,1,0.8604728
S14,1,0.8214529
S14,1,0.8214529
S14,1,0.8214529
S14,1,0.8214529
S14,1,0.8214529
S14,1,0.8214529
S14,1,0.8214529
S14,1,0.8214529
S14,1,0.8214529
S17,0,0.04452441
S17,0,0.04452441
S17,0,0.04452441
S17,0,0.04452441
S17,1,0.8214529
S17,1,0.8214529
S17,1,0.8214529
S17,1,0.8214529
S17,1,0.8214529
S17,1,0.8214529
S17,1,0.8214529
S17,1,0.8214529
S17,1,0.8214529
S17,1,0.8214529
S17,1,0.8214529
S17,1,0.8214529
S17,1,0.8214529
S17,1,0.8214529
S17,1,0.8517138
S17,1,0.8214529
S17,1,0.8214529
f01,0,0.049098343
f01,0,0.04452441
f01,0,0.04452441
f01,1,0.9185558
f01,1,0.9540009
f01,1,0.9540009
f01,1,0.9540009
f01,1,0.9540009
f01,1,0.9540009
f01,1,0.9540009
f01,1,0.9540009
f01,1,0.9540009
f01,1,0.9540009
f01,1,0.9540009
f01,1,0.9540009
f01,1,0.9540009
f01,1,0.9540009
f01,1,0.9540009
f01,1,0.9540009
f01,1,0.9540009
f01,1,0.9540009
f01,1,0.9540009
f01,1,0.9540009
f01,1,0.9540009
f01,1,0.9540009
f01,1,0.9540009
f01,1,0.9540009
f01,1,0.9540009
f01,1,0.9540009
f01,1,0.9540009
f01,1,0.9540009
f01,1,0.9540009
f01,1,0.9540009
f01,1,0.9540009
f01,1,0.9540009
f01,1,0.9540009
f01,1,0.9540009
f01,1,0.9540009
f01,1,0.9540009
f01,1,0.9540009
f01,1,0.9540009
f01,1,0.9540009
f01,1,0.9540009
f01,1,0.9540009
f01,1,0.9540009
f01,1,0.9540009
f01,1,0.9540009
f01,1,0.9540009
f01,1,0.9540009
f01,1,0.9540009
f01,1,0.9540009
f01,1,0.9540009
f01,1,0.9540009
f01,1,0.9540009
S10,0,0.046809517
S10,0,0.04452441
S10,0,0.04452441
S10,0,0.04452441
S10,0,0.04452441
S10,1,0.9540009
S10,1,0.9540009
S10,1,0.9540009
S10,1,0.9540009
S10,1,0.9540009
S10,1,0.9540009
S10,1,0.9540009
S10,1,0.9540009
S10,1,0.9540009
S10,1,0.9540009
S10,1,0.9540009
S10,1,0.9540009
S10,1,0.9540009
S10,1,0.9540009
S10,1,0.9540009
S10,1,0.9540009
S10,1,0.9540009
S10,1,0.92934704
S10,1,0.92934704
S10,1,0.53305596
S10,1,0.53305596
S10,1,0.5374528
S01,0,0.04452441
S01,0,0.04452441
S01,0,0.16286689
S01,0,0.16286689
S01,0,0.051443953
S01,0,0.049098343
S01,0,0.04452441
S01,1,0.9540009
S01,1,0.9540009
S01,1,0.9540009
S01,1,0.9540009
S01,1,0.9540009
S01,1,0.9540009
S01,1,0.9540009
S01,1,0.9540009
S01,1,0.9540009
S01,1,0.9540009
S01,1,0.9540009
S01,1,0.9540009
S01,1,0.9540009
S01,1,0.9540009
S01,1,0.9540009
S01,1,0.9540009
S01,1,0.9540009
S01,1,0.9540009
S01,1,0.9540009
S01,1,0.9540009
S01,1,0.9540009
S01,1,0.9540009
f11,0,0.049230315
f11,0,0.04452441
f11,1,0.8868624
f11,1,0.8868624
f11,1,0.804544
f11,1,0.04452441
f11,1,0.8604728
f11,1,0.8604728
f11,1,0.8604728
f11,1,0.8604728
f11,1,0.8214529
f11,1,0.8214529
f11,1,0.8214529
f11,1,0.8214529
f11,1,0.8214529
f11,1,0.8214529
f11,1,0.8214529
f11,1,0.8214529
f11,1,0.8214529
f11,1,0.8214529
f11,1,0.8214529
f11,1,0.8214529
f11,1,0.8214529
f11,1,0.8214529
f11,1,0.8214529
f11,1,0.8214529
f11,1,0.8214529
f11,1,0.8214529
f11,1,0.8214529
f11,1,0.8214529
f11,1,0.8214529
f11,1,0.8214529
f11,1,0.8214529
f11,1,0.8214529
f11,1,0.8214529
f02,0,0.046809517
f02,1,0.049098343
f02,1,0.049098343
f02,1,0.051140204
f02,1,0.91793424
f02,1,0.9540009
f02,1,0.9540009
f02,1,0.9540009
f02,1,0.9540009
f02,1,0.9540009
f02,1,0.9540009
f02,1,0.9540009
f02,1,0.21909973
f02,1,0.046809517
f02,1,0.04452441
f02,1,0.04452441
f02,1,0.04452441
f02,1,0.04452441
f02,1,0.04670697
f02,1,0.04670697
f02,1,0.049098343
f02,1,0.051685862
f02,1,0.04452441
f02,1,0.04452441
f02,1,0.04452441
f03,0,0.049230315
f03,0,0.049230315
f03,0,0.046662226
f03,0,0.046809517
f03,1,0.94693005
f03,1,0.85397017
f03,1,0.85397017
f03,1,0.88304996
f03,1,0.21909973
f03,1,0.049098343
f03,1,0.046809517
f03,1,0.9143767
f03,1,0.8604728
f03,1,0.8604728
f03,1,0.8604728
f03,1,0.8604728
f03,1,0.8604728
f03,1,0.8604728
f03,1,0.8604728
f03,1,0.8604728
f03,1,0.8604728
f03,1,0.8604728
f03,1,0.6137522
f03,1,0.8604728
f03,1,0.8604728
f03,1,0.8604728
f03,1,0.8604728
f03,1,0.8604728
f03,1,0.8604728
f03,1,0.8604728
f03,1,0.8604728
f03,1,0.8604728
f03,1,0.8604728
f03,1,0.8604728
f03,1,0.8604728
f03,1,0.8604728
f03,1,0.8604728
f03,1,0.8604728
f03,1,0.8604728
f03,1,0.8604728
S04,0,0.04452441
S04,0,0.04452441
S04,0,0.04452441
S04,0,0.04452441
S04,0,0.046809517
S04,1,0.9540009
S04,1,0.9540009
S04,1,0.9540009
S04,1,0.9540009
S04,1,0.9540009
S04,1,0.9540009
S04,1,0.9540009
S04,1,0.9540009
S04,1,0.9540009
S04,1,0.9540009
S04,1,0.9540009
S04,1,0.9540009
S04,1,0.9540009
S04,1,0.9540009
S04,1,0.9540009
S04,1,0.9540009
S04,1,0.9540009
S04,1,0.9540009
S04,1,0.9540009
S04,1,0.9540009
S04,1,0.9540009
S18,0,0.04452441
S18,0,0.04452441
S18,0,0.04452441
S18,0,0.04452441
S18,0,0.049230315
S18,1,0.04452441
S18,1,0.04452441
S18,1,0.04452441
S18,1,0.049230315
S18,1,0.41914403
S18,1,0.8604728
S18,1,0.8604728
S18,1,0.8214529
S18,1,0.8214529
S18,1,0.8318778
S18,1,0.8214529
S18,1,0.8214529
S18,1,0.8214529
S18,1,0.8214529
S18,1,0.8214529
S18,1,0.8214529
S18,1,0.8214529
S18,1,0.8214529
S07,0,0.04452441
S07,0,0.04452441
S07,0,0.04452441
S07,0,0.04452441
S07,1,0.24107662
S07,1,0.9540009
S07,1,0.9540009
S07,1,0.9540009
S07,1,0.9540009
S07,1,0.9540009
S07,1,0.9540009
S07,1,0.9540009
S07,1,0.9540009
S07,1,0.9540009
S07,1,0.23220119
S07,1,0.23220119
S07,1,0.23220119
S07,1,0.9540009
S07,1,0.9540009
S07,1,0.9540009
S08,0,0.04452441
S08,0,0.04452441
S08,0,0.04452441
S08,0,0.04452441
S08,1,0.9540009
S08,1,0.9540009
S08,1,0.9540009
S08,1,0.9540009
S08,1,0.9540009
S08,1,0.9540009
S08,1,0.8868624
S08,1,0.9030019
S08,1,0.9540009
S08,1,0.9540009
S08,1,0.9540009
S08,1,0.8318399
S08,1,0.8868624
S08,1,0.8868624
S08,1,0.8868624
f13,0,0.16286689
f13,0,0.16286689
f13,1,0.71057683
f13,1,0.94693005
f13,1,0.94693005
f13,1,0.94693005
f13,1,0.93012524
f13,1,0.94693005
f13,1,0.8868624
f13,1,0.8868624
f13,1,0.85397017
f13,1,0.8868624
f13,1,0.8868624
f13,1,0.85397017
f13,1,0.8868624
f13,1,0.94693005
f13,1,0.94693005
f13,1,0.94693005
f13,1,0.94693005
f13,1,0.94693005
f13,1,0.8868624
f13,1,0.8868624
f13,1,0.8868624
f13,1,0.8868624
f13,1,0.94693005
f13,1,0.94693005
f13,1,0.9399622
f13,1,0.8868624
f13,1,0.8868624
f13,1,0.91787106
f13,1,0.94693005
f13,1,0.91337335
f13,1,0.91337335
f13,1,0.91787106
f13,1,0.94693005
