subject_id,n_baseline_windows,n_stress_windows,baseline_duration_sec,stress_duration_sec,mean_baseline_prob,mean_stress_prob,stress_margin,subject_auc,classification_outcome
S01,7,22,210,660,0.08114038,0.9436623,0.8625219,1.0,Correct
S02,5,17,150,510,0.045529675,0.6230924,0.57756275,1.0,Correct (Excluded: S02)
S03,5,15,150,450,0.043884914,0.8696898,0.8258049,1.0,Correct
S04,5,21,150,630,0.045529675,0.9453607,0.89983106,1.0,Correct
S05,5,17,150,510,0.05109977,0.88151294,0.83041316,1.0,Correct
S06,5,19,150,570,0.045529675,0.94812053,0.9025909,1.0,Correct
S07,4,16,120,480,0.043884914,0.83910775,0.7952228,1.0,Correct
S08,4,15,120,450,0.043884914,0.9279385,0.8840536,1.0,Correct
S09,5,15,150,450,0.046137072,0.75837296,0.71223587,1.0,Correct
S10,5,22,150,660,0.04501099,0.91081864,0.86580765,1.0,Correct
S11,4,15,120,450,0.04627604,0.92867434,0.8823983,1.0,Correct
S12,5,20,150,600,0.045238215,0.8897115,0.8444733,1.0,Correct
S13,5,19,150,570,0.06498032,0.92206955,0.8570892,1.0,Correct
S14,6,20,180,600,0.043884914,0.57812935,0.5342444,1.0,Correct
S15,5,19,150,570,0.062396668,0.9426901,0.8802934,1.0,Correct
S16,5,16,150,480,0.043884914,0.18821621,0.14433129,1.0,Incorrect
S17,4,17,120,510,0.043884914,0.8690699,0.82518494,1.0,Correct
S18,5,18,150,540,0.045529675,0.66017765,0.614648,1.0,Correct
f01,3,51,90,1530,0.04576171,0.94024915,0.89448744,1.0,Correct
f02,1,24,30,720,0.05344941,0.35051727,0.29706785,1.0,Incorrect
f03,4,36,120,1080,0.054192465,0.8204444,0.7662519,1.0,Correct
f04,2,33,60,990,0.047996815,0.87103075,0.8230339,1.0,Correct
f05,2,32,60,960,0.043884914,0.8973407,0.8534558,1.0,Correct
f06,1,35,30,1050,0.052108716,0.85334504,0.80123633,1.0,Correct
f07,1,36,30,1080,0.1705424,0.94948745,0.778945,1.0,Correct (Excluded: f07)
f08,2,29,60,870,0.047996815,0.90784687,0.85985005,1.0,Correct
f09,2,32,60,960,0.047996815,0.8006377,0.7526409,1.0,Correct
f10,2,32,60,960,0.048667163,0.88532454,0.8366574,1.0,Correct
f11,2,33,60,990,0.04670011,0.8445031,0.797803,1.0,Correct
f12,2,32,60,960,0.052108716,0.8710737,0.818965,1.0,Correct
f13,2,33,60,990,0.14936197,0.9177888,0.76842684,1.0,Correct
f14_b,2,20,60,600,0.043884914,0.9493598,0.90547484,1.0,Correct
f15,1,27,30,810,0.05910302,0.8575151,0.7984121,1.0,Correct
f16,1,27,30,810,0.043884914,0.92402506,0.8801401,1.0,Correct
f17,3,33,90,990,0.05300251,0.8993635,0.846361,1.0,Correct
f18,1,26,30,780,0.043884914,0.77837723,0.7344923,1.0,Correct
